entry_time,exit_time,id,side,entry_px,exit_px,pnl_pct,pnl_abs,mfe_pct,exit_reason
2025-05-30 21:10:00+09:00,2025-05-30 21:18:00+09:00,1,-1,42040.33,42072.08,-0.0007552271830406659,-31.75,0.0018077879027115153,STOP_LOSS
2025-05-30 21:51:00+09:00,2025-05-30 22:03:00+09:00,2,1,42074.83,42082.33,0.00017825383964712393,7.5,0.0005466451082511801,SL
2025-05-30 22:13:00+09:00,2025-05-30 22:15:00+09:00,3,-1,42067.83,42100.83,-0.0007844474031581852,-33.0,0.0,STOP_LOSS
2025-05-30 22:20:00+09:00,2025-05-30 22:26:00+09:00,4,1,42113.33,42091.83,-0.0005105271893721062,-21.5,0.0,STOP_LOSS
2025-05-30 23:50:00+09:00,2025-05-31 00:27:00+09:00,5,-1,42192.58,42219.58,-0.0006399229437972269,-27.0,0.0011080147267600131,STOP_LOSS
2025-05-31 00:31:00+09:00,2025-05-31 00:32:00+09:00,6,1,42216.08,42162.83,-0.0012613677063337003,-53.25,0.0,STOP_LOSS
2025-05-31 00:38:00+09:00,2025-05-31 00:55:00+09:00,7,-1,42148.08,42177.58,-0.0006999132582077286,-29.5,0.0009312405215136727,STOP_LOSS
2025-06-02 09:13:00+09:00,2025-06-02 09:30:00+09:00,1,1,42142.7,42127.45,-0.0003618657561095991,-15.25,0.0003025435010096648,STOP_LOSS
2025-06-02 09:42:00+09:00,2025-06-02 09:57:00+09:00,2,-1,42136.7,42123.7,0.0003085196515151875,13.0,0.0003559842132867548,SL
2025-06-02 10:09:00+09:00,2025-06-02 10:10:00+09:00,3,1,42149.7,42150.2,1.1862480634500365e-05,0.5,1.1862480634500365e-05,SL
2025-06-02 12:16:00+09:00,2025-06-02 12:18:00+09:00,4,-1,42085.2,42087.2,-4.752264454012337e-05,-2.0,0.0,SL
2025-06-02 12:21:00+09:00,2025-06-02 12:30:00+09:00,5,-1,42101.7,42084.45,0.0004097221727388681,17.25,0.000617552260360033,SL
2025-06-02 15:13:00+09:00,2025-06-02 15:16:00+09:00,6,-1,42001.8,42015.3,-0.000321414796508721,-13.5,5.356913275145351e-05,STOP_LOSS
2025-06-02 15:41:00+09:00,2025-06-02 15:55:00+09:00,7,1,42046.8,42032.05,-0.0003507995852240836,-14.75,0.00028539627272467817,STOP_LOSS
2025-06-02 16:06:00+09:00,2025-06-02 16:23:00+09:00,8,1,42065.05,42050.3,-0.00035064739017307716,-14.75,0.00039819279901010457,STOP_LOSS
2025-06-02 16:29:00+09:00,2025-06-02 16:30:00+09:00,9,-1,41928.8,41969.3,-0.0009659231840644139,-40.5,0.0,STOP_LOSS
2025-06-02 16:57:00+09:00,2025-06-02 16:58:00+09:00,10,-1,42010.8,42016.55,-0.0001368695668732802,-5.75,0.0,SL
2025-06-02 16:59:00+09:00,2025-06-02 17:00:00+09:00,11,-1,42008.8,42001.8,0.00016663175334691776,7.0,0.00016663175334691776,SL
2025-06-02 16:54:00+09:00,2025-06-02 16:56:00+09:00,1,-1,42007.05,41994.8,0.00029161771654996003,12.25,0.00029161771654996003,SL
2025-06-02 16:57:00+09:00,2025-06-02 16:58:00+09:00,2,-1,42010.8,42016.55,-0.0001368695668732802,-5.75,0.0,SL
2025-06-02 16:59:00+09:00,2025-06-02 17:00:00+09:00,3,-1,42008.8,42001.8,0.00016663175334691776,7.0,0.00016663175334691776,SL
2025-06-02 17:07:00+09:00,2025-06-02 17:19:00+09:00,4,1,42058.3,42032.05,-0.0006241336430621304,-26.25,0.00022587693748915195,STOP_LOSS
2025-06-02 18:00:00+09:00,2025-06-02 18:37:00+09:00,5,-1,42051.05,42034.55,0.00039238021404935187,16.5,0.0011949761064230261,SL
2025-06-02 18:45:00+09:00,2025-06-02 18:50:00+09:00,6,-1,41990.3,42012.8,-0.000535838038785148,-22.5,0.0002024277035410559,STOP_LOSS
2025-06-02 19:08:00+09:00,2025-06-02 19:23:00+09:00,7,1,42065.3,42047.8,-0.00041601985484472946,-17.5,0.0005348826705146521,STOP_LOSS
2025-06-02 20:31:00+09:00,2025-06-02 20:35:00+09:00,8,1,42140.05,42146.55,0.0001542475625918811,6.5,0.0004449448920919647,SL
2025-06-02 20:38:00+09:00,2025-06-02 20:39:00+09:00,9,1,42145.8,42133.8,-0.00028472588015887704,-12.0,0.0,STOP_LOSS
2025-06-02 20:43:00+09:00,2025-06-02 20:59:00+09:00,10,1,42121.8,42116.8,-0.00011870337924780042,-5.0,0.000569776220389442,SL
2025-06-02 21:01:00+09:00,2025-06-02 21:06:00+09:00,11,-1,42124.3,42136.3,-0.00028487120260752106,-12.0,2.373926688396009e-05,STOP_LOSS
2025-06-02 21:23:00+09:00,2025-06-02 21:32:00+09:00,12,-1,42111.8,42128.3,-0.00039181417084997554,-16.5,0.000308702074003011,STOP_LOSS
2025-06-02 21:44:00+09:00,2025-06-02 21:48:00+09:00,13,1,42160.8,42139.05,-0.0005158820515739739,-21.75,3.557807252234303e-05,STOP_LOSS
2025-06-02 22:09:00+09:00,2025-06-02 22:32:00+09:00,14,-1,42111.3,42134.8,-0.0005580449902995157,-23.5,0.0007717643482865644,STOP_LOSS
2025-06-02 22:47:00+09:00,2025-06-02 23:22:00+09:00,15,-1,42071.3,42032.05,0.0009329400327539201,39.25,0.005128199033545433,SL
2025-06-02 23:28:00+09:00,2025-06-03 00:25:00+09:00,16,1,42072.55,42075.55,7.130539983908748e-05,3.0,0.0013072656637166038,SL
2025-06-03 00:27:00+09:00,2025-06-03 00:46:00+09:00,17,-1,42041.55,42070.55,-0.0006897937873365753,-29.0,0.0008087237506704676,STOP_LOSS
2025-06-03 08:49:00+09:00,2025-06-03 08:55:00+09:00,1,-1,42249.62,42230.37,0.000455625399707737,19.25,0.000455625399707737,SL
2025-06-03 16:18:00+09:00,2025-06-03 16:53:00+09:00,2,-1,42125.47,42099.47,0.0006172037961831642,26.0,0.0015548787942306636,SL
2025-06-03 16:54:00+09:00,2025-06-03 16:55:00+09:00,3,-1,42110.72,42106.47,0.0001009244201951427,4.25,0.0001009244201951427,SL
2025-06-03 16:51:00+09:00,2025-06-03 16:53:00+09:00,1,-1,42107.22,42099.47,0.00018405394609285534,7.75,0.00018405394609285534,SL
2025-06-03 16:54:00+09:00,2025-06-03 16:55:00+09:00,2,-1,42110.72,42106.47,0.0001009244201951427,4.25,0.0001009244201951427,SL
2025-06-03 16:56:00+09:00,2025-06-03 17:37:00+09:00,3,-1,42112.47,42115.97,-8.311077455205073e-05,-3.5,0.0008251712616239322,SL
2025-06-03 17:39:00+09:00,2025-06-03 17:41:00+09:00,4,1,42126.97,42112.47,-0.00034419755325388934,-14.5,0.0,STOP_LOSS
2025-06-03 18:45:00+09:00,2025-06-03 19:01:00+09:00,5,1,42136.47,42168.72,0.0007653702362822514,32.25,0.0008187681597438039,SL
2025-06-03 19:03:00+09:00,2025-06-03 19:04:00+09:00,6,1,42153.47,42141.97,-0.00027281265338298367,-11.5,0.0,STOP_LOSS
2025-06-03 19:19:00+09:00,2025-06-03 19:28:00+09:00,7,-1,42149.97,42169.72,-0.0004685649835575209,-19.75,0.00018386727202890062,STOP_LOSS
2025-06-03 20:15:00+09:00,2025-06-03 20:18:00+09:00,8,1,42189.97,42178.72,-0.0002666510547412098,-11.25,0.0,STOP_LOSS
2025-06-03 21:10:00+09:00,2025-06-03 21:12:00+09:00,9,1,42227.22,42230.72,8.288492588429927e-05,3.5,0.00010064598143093484,SL
2025-06-03 21:15:00+09:00,2025-06-03 21:17:00+09:00,10,1,42240.72,42231.22,-0.00022490146948252776,-9.5,0.0,SL
2025-06-03 21:18:00+09:00,2025-06-03 21:35:00+09:00,11,1,42229.97,42239.22,0.00021903875375710663,9.25,0.0007459157560377144,SL
2025-06-03 21:37:00+09:00,2025-06-03 21:44:00+09:00,12,1,42220.47,42225.97,0.0001302685640401445,5.5,0.000313828813369439,SL
2025-06-03 22:30:00+09:00,2025-06-03 22:52:00+09:00,13,1,42308.72,42292.97,-0.0003722636846494056,-15.75,0.0013826936858406494,STOP_LOSS
2025-06-03 23:02:00+09:00,2025-06-03 23:19:00+09:00,14,-1,42248.47,42280.22,-0.0007515065042592075,-31.75,0.0007396717561606373,STOP_LOSS
2025-06-03 23:29:00+09:00,2025-06-03 23:34:00+09:00,15,1,42339.97,42306.97,-0.0007794053703864221,-33.0,0.0,STOP_LOSS
2025-06-04 09:20:00+09:00,2025-06-04 09:27:00+09:00,1,-1,42554.31,42557.06,-6.462330137652333e-05,-2.75,5.874845579683938e-06,SL
2025-06-04 16:08:00+09:00,2025-06-04 16:10:00+09:00,2,1,42549.66,42531.41,-0.0004289105952903031,-18.25,0.0,STOP_LOSS
2025-06-04 17:05:00+09:00,2025-06-04 17:10:00+09:00,1,1,42618.16,42607.16,-0.0002581059341839253,-11.0,4.692835166980461e-05,STOP_LOSS
2025-06-04 21:18:00+09:00,2025-06-04 22:05:00+09:00,2,-1,42563.41,42532.66,0.0007224515141056602,30.75,0.0015799955877595332,SL
2025-06-04 22:08:00+09:00,2025-06-04 22:59:00+09:00,3,1,42525.41,42587.91,0.0014697095219070198,62.5,0.0027101443583965445,SL
2025-06-04 23:05:00+09:00,2025-06-04 23:25:00+09:00,4,-1,42565.91,42595.41,-0.0006930428598848232,-29.5,0.0009867050886495788,STOP_LOSS
2025-06-04 23:33:00+09:00,2025-06-04 23:38:00+09:00,5,1,42617.41,42577.91,-0.0009268512563292794,-39.5,0.0,STOP_LOSS
2025-06-04 23:57:00+09:00,2025-06-04 23:59:00+09:00,6,-1,42563.91,42598.91,-0.0008222928767587375,-35.0,0.0,STOP_LOSS
2025-06-05 00:07:00+09:00,2025-06-05 00:13:00+09:00,7,1,42625.66,42602.91,-0.0005337160761850959,-22.75,0.0,STOP_LOSS
2025-06-05 00:31:00+09:00,2025-06-05 00:32:00+09:00,8,-1,42544.41,42562.91,-0.0004348397357020581,-18.5,0.0,STOP_LOSS
2025-06-05 16:23:00+09:00,2025-06-05 16:25:00+09:00,1,1,42468.23,42480.98,0.00030022442658900547,12.75,0.00030022442658900547,SL
2025-06-05 16:27:00+09:00,2025-06-05 16:28:00+09:00,2,1,42500.23,42507.48,0.00017058731211572266,7.25,0.00017058731211572266,SL
2025-06-05 16:29:00+09:00,2025-06-05 16:30:00+09:00,3,1,42512.73,42497.73,-0.0003528354918632607,-15.0,0.0,STOP_LOSS
2025-06-05 16:49:00+09:00,2025-06-05 17:27:00+09:00,1,1,42503.23,42527.23,0.0005646629679673756,24.0,0.0008999316051980049,SL
2025-06-05 18:06:00+09:00,2025-06-05 18:07:00+09:00,2,-1,42513.48,42510.48,7.056585346577132e-05,3.0,7.056585346577132e-05,SL
2025-06-05 18:08:00+09:00,2025-06-05 18:10:00+09:00,3,-1,42506.23,42509.73,-8.2340870973502e-05,-3.5,0.0,SL
2025-06-05 18:13:00+09:00,2025-06-05 18:24:00+09:00,4,-1,42503.23,42496.48,0.0001588114597408244,6.75,0.00038820579047757074,SL
2025-06-05 18:26:00+09:00,2025-06-05 18:30:00+09:00,5,-1,42504.23,42494.23,0.0002352707012925537,10.0,0.0002352707012925537,SL
2025-06-05 21:33:00+09:00,2025-06-05 21:34:00+09:00,6,-1,42431.73,42447.48,-0.0003711844885890818,-15.75,0.0,STOP_LOSS
2025-06-05 21:51:00+09:00,2025-06-05 21:52:00+09:00,7,1,42590.48,42559.23,-0.0007337320452833591,-31.25,0.0,STOP_LOSS
2025-06-05 22:26:00+09:00,2025-06-05 22:29:00+09:00,8,-1,42499.98,42522.48,-0.0005294120138409476,-22.5,4.7058845674750905e-05,STOP_LOSS
2025-06-05 23:26:00+09:00,2025-06-05 23:32:00+09:00,9,1,42376.98,42347.98,-0.0006843338057596364,-29.0,0.00043655777263976804,STOP_LOSS
2025-06-06 09:01:00+09:00,2025-06-06 09:30:00+09:00,1,1,42400.6,42404.85,0.00010023443064484937,4.25,0.0008608368749498829,SL
2025-06-06 16:09:00+09:00,2025-06-06 16:32:00+09:00,2,1,42496.45,42498.7,5.294559898532701e-05,2.25,0.0003353221269070711,SL
2025-06-06 16:43:00+09:00,2025-06-06 16:48:00+09:00,3,-1,42490.95,42510.45,-0.00045892125264320995,-19.5,0.0,STOP_LOSS
2025-06-06 17:07:00+09:00,2025-06-06 17:12:00+09:00,1,-1,42484.45,42470.45,0.0003295323347718989,14.0,0.0003295323347718989,SL
2025-06-06 17:18:00+09:00,2025-06-06 17:29:00+09:00,2,-1,42471.95,42470.2,4.120366500714001e-05,1.75,0.0004002641743550744,SL
2025-06-06 20:37:00+09:00,2025-06-06 20:53:00+09:00,3,1,42443.2,42451.45,0.00019437742677272214,8.25,0.00019437742677272214,SL
2025-06-06 21:16:00+09:00,2025-06-06 21:19:00+09:00,4,1,42480.95,42467.95,-0.00030601952169148763,-13.0,0.0,STOP_LOSS
2025-06-06 23:19:00+09:00,2025-06-06 23:24:00+09:00,5,-1,42825.2,42858.7,-0.0007822497034456349,-33.5,0.0,STOP_LOSS
2025-06-09 16:31:00+09:00,2025-06-09 16:46:00+09:00,1,1,42774.46,42785.21,0.000251318193146097,10.75,0.0002922304571466244,SL
2025-06-09 17:07:00+09:00,2025-06-09 17:08:00+09:00,1,1,42805.96,42802.71,-7.592400684390679e-05,-3.25,0.0,SL
2025-06-09 17:12:00+09:00,2025-06-09 17:17:00+09:00,2,1,42809.96,42814.96,0.00011679525045106326,5.0,0.00011679525045106326,SL
2025-06-09 17:20:00+09:00,2025-06-09 17:26:00+09:00,3,1,42801.96,42800.96,-2.3363416067862312e-05,-1.0,0.0001635439124750362,SL
2025-06-09 20:34:00+09:00,2025-06-09 20:42:00+09:00,4,1,42833.96,42837.96,9.338384776938672e-05,4.0,0.0003268434671928535,SL
2025-06-09 22:30:00+09:00,2025-06-09 23:26:00+09:00,5,-1,42767.96,42665.21,0.0024024994411704463,102.75,0.003267633059888758,SL
2025-06-09 23:34:00+09:00,2025-06-09 23:36:00+09:00,6,1,42661.21,42629.96,-0.0007325155568723906,-31.25,0.0,STOP_LOSS
2025-06-09 23:41:00+09:00,2025-06-09 23:52:00+09:00,7,-1,42591.21,42621.96,-0.0007219799578363705,-30.75,0.0004930594834004482,STOP_LOSS
2025-06-10 10:35:00+09:00,2025-06-10 10:40:00+09:00,1,1,42901.42,42888.92,-0.00029136564710445485,-12.5,5.8273129420890965e-05,STOP_LOSS
2025-06-10 14:22:00+09:00,2025-06-10 14:39:00+09:00,2,-1,42749.92,42780.42,-0.0007134516275118176,-30.5,0.0017309973913401475,STOP_LOSS
2025-06-10 15:04:00+09:00,2025-06-10 15:13:00+09:00,3,1,42760.42,42750.02,-0.00024321557178347302,-10.400000000001455,6.0803892945825714e-05,SL
2025-06-10 15:25:00+09:00,2025-06-10 15:31:00+09:00,4,1,42772.02,42752.27,-0.0004617504621011587,-19.75,0.0,STOP_LOSS
2025-06-10 16:00:00+09:00,2025-06-10 16:03:00+09:00,5,-1,42745.02,42756.52,-0.00026903718842569266,-11.5,0.0,STOP_LOSS
2025-06-10 16:49:00+09:00,2025-06-10 16:56:00+09:00,1,-1,42693.02,42719.27,-0.0006148546062096333,-26.25,0.0003747685218801575,STOP_LOSS
2025-06-10 17:12:00+09:00,2025-06-10 17:13:00+09:00,2,-1,42682.77,42662.77,0.00046857315024306063,20.0,0.00046857315024306063,SL
2025-06-10 17:14:00+09:00,2025-06-10 17:15:00+09:00,3,-1,42651.02,42667.52,-0.00038686061904263957,-16.5,0.0,STOP_LOSS
2025-06-10 17:40:00+09:00,2025-06-10 17:51:00+09:00,4,1,42717.02,42712.77,-9.949195894282888e-05,-4.25,0.0,SL
2025-06-10 17:53:00+09:00,2025-06-10 17:54:00+09:00,5,1,42700.02,42695.52,-0.00010538636750053045,-4.5,0.0,SL
2025-06-10 18:07:00+09:00,2025-06-10 18:13:00+09:00,6,1,42716.02,42714.52,-3.5115631091098845e-05,-1.5,2.341042072739923e-05,SL
2025-06-10 20:12:00+09:00,2025-06-10 20:16:00+09:00,7,-1,42717.02,42731.02,-0.00032773821769402453,-14.0,2.3409872692430326e-05,STOP_LOSS
2025-06-10 20:35:00+09:00,2025-06-10 20:37:00+09:00,8,1,42762.27,42763.02,1.7538825698448658e-05,0.75,6.430902756097841e-05,SL
2025-06-10 20:38:00+09:00,2025-06-10 20:42:00+09:00,9,1,42753.02,42742.02,-0.00025729176558755384,-11.0,0.0,STOP_LOSS
2025-06-10 22:45:00+09:00,2025-06-10 22:52:00+09:00,10,-1,42740.77,42766.52,-0.0006024692582749445,-25.75,0.0003100084532871074,STOP_LOSS
2025-06-10 23:25:00+09:00,2025-06-11 00:33:00+09:00,11,1,42768.27,42746.77,-0.0005027091345990849,-21.5,0.0013970637577811777,STOP_LOSS
2025-06-11 00:34:00+09:00,2025-06-11 01:00:00+09:00,12,-1,42768.27,42792.27,-0.0005611636851338621,-24.0,0.00035072730320866386,STOP_LOSS
2025-06-11 09:11:00+09:00,2025-06-11 09:17:00+09:00,1,-1,42842.19,42854.44,-0.000285933095390315,-12.25,0.0005952076679553496,STOP_LOSS
2025-06-11 16:11:00+09:00,2025-06-11 16:14:00+09:00,2,1,42792.29,42799.29,0.00016358086935754082,7.0,0.00016358086935754082,SL
2025-06-11 16:16:00+09:00,2025-06-11 16:29:00+09:00,3,1,42788.79,42774.79,-0.0003271884996046862,-14.0,0.00023954872292485953,STOP_LOSS
2025-06-11 16:33:00+09:00,2025-06-11 16:40:00+09:00,4,-1,42773.79,42773.79,-0.0,-0.0,0.00030392443596884914,SL
2025-06-11 20:30:00+09:00,2025-06-11 20:32:00+09:00,1,-1,42774.79,42785.79,-0.00025716081832312913,-11.0,0.0,STOP_LOSS
2025-06-11 21:04:00+09:00,2025-06-11 21:05:00+09:00,2,1,42832.54,42795.79,-0.0008579925449202872,-36.75,0.0,STOP_LOSS
2025-06-11 21:30:00+09:00,2025-06-11 21:49:00+09:00,3,1,42979.89,42934.79,-0.0010493279531427033,-45.099999999998545,0.0008492343744946765,STOP_LOSS
2025-06-11 22:11:00+09:00,2025-06-11 22:54:00+09:00,4,-1,42937.29,42923.54,0.00032023446286433076,13.75,0.0028937550553376798,SL
2025-06-11 22:59:00+09:00,2025-06-11 23:05:00+09:00,5,1,42943.04,42897.29,-0.0010653647249938523,-45.75,0.00022704494139213246,STOP_LOSS
2025-06-12 00:34:00+09:00,2025-06-12 00:37:00+09:00,6,-1,43024.04,43047.54,-0.0005462062604999437,-23.5,0.0,STOP_LOSS
2025-06-12 00:50:00+09:00,2025-06-12 00:51:00+09:00,7,-1,43012.04,43033.04,-0.00048823538711486366,-21.0,0.0,STOP_LOSS
2025-06-12 09:26:00+09:00,2025-06-12 09:31:00+09:00,1,-1,42775.03,42799.03,-0.0005610750009994148,-24.0,0.00013442421898944316,STOP_LOSS
2025-06-12 10:27:00+09:00,2025-06-12 10:59:00+09:00,2,-1,42717.03,42717.03,-0.0,-0.0,0.0011646408938074582,SL
2025-06-12 15:11:00+09:00,2025-06-12 15:15:00+09:00,3,-1,42744.63,42759.13,-0.0003392238978323125,-14.5,3.5092127361963365e-05,STOP_LOSS
2025-06-12 15:18:00+09:00,2025-06-12 15:25:00+09:00,4,1,42751.38,42752.13,1.7543293339302733e-05,0.75,8.186870225007941e-05,SL
2025-06-12 16:01:00+09:00,2025-06-12 16:13:00+09:00,5,1,42810.88,42799.38,-0.0002686233032350655,-11.5,0.00016934947377862823,STOP_LOSS
2025-06-12 16:32:00+09:00,2025-06-12 16:35:00+09:00,6,-1,42740.38,42755.88,-0.00036265470732829236,-15.5,0.0,STOP_LOSS
2025-06-12 16:49:00+09:00,2025-06-12 17:47:00+09:00,1,-1,42727.88,42680.13,0.0011175373081931516,47.75,0.0026212393406834134,SL
2025-06-12 17:48:00+09:00,2025-06-12 17:56:00+09:00,2,1,42681.88,42653.13,-0.0006735879487970071,-28.75,0.00014643216278195808,STOP_LOSS
2025-06-12 18:19:00+09:00,2025-06-12 18:25:00+09:00,3,-1,42640.13,42632.88,0.00017002762421221512,7.25,0.00017002762421221512,SL
2025-06-12 18:28:00+09:00,2025-06-12 18:29:00+09:00,4,-1,42611.63,42626.63,-0.0003520165738790091,-15.0,0.0,STOP_LOSS
2025-06-12 19:28:00+09:00,2025-06-12 19:43:00+09:00,5,-1,42592.13,42608.13,-0.0003756562538666181,-16.0,0.00019956738486664086,STOP_LOSS
2025-06-12 19:51:00+09:00,2025-06-12 19:56:00+09:00,6,1,42622.13,42604.88,-0.00040471933242191324,-17.25,0.0,STOP_LOSS
2025-06-12 20:29:00+09:00,2025-06-12 20:44:00+09:00,7,-1,42589.13,42604.38,-0.0003580725880054371,-15.25,0.0003991628849896676,STOP_LOSS
2025-06-12 21:11:00+09:00,2025-06-12 21:16:00+09:00,8,1,42602.38,42598.13,-9.975968478756352e-05,-4.25,0.00017017828581407894,SL
2025-06-12 21:17:00+09:00,2025-06-12 21:18:00+09:00,9,1,42598.38,42602.63,9.97690522503438e-05,4.25,9.97690522503438e-05,SL
2025-06-12 21:20:00+09:00,2025-06-12 21:21:00+09:00,10,1,42594.88,42600.63,0.00013499275030238377,5.75,0.00013499275030238377,SL
2025-06-12 21:30:00+09:00,2025-06-12 22:33:00+09:00,11,1,42611.88,42642.88,0.0007274966511686413,31.0,0.003127062218329724,SL
2025-06-12 22:34:00+09:00,2025-06-12 22:39:00+09:00,12,-1,42645.88,42665.63,-0.0004631162494477779,-19.75,0.0005803608695611394,STOP_LOSS
2025-06-12 23:02:00+09:00,2025-06-13 00:01:00+09:00,13,1,42738.13,42874.88,0.003199718845911134,136.75,0.003895818558275713,SL
2025-06-13 00:12:00+09:00,2025-06-13 00:17:00+09:00,14,1,42888.88,42859.38,-0.0006878239767510833,-29.5,0.00025647673709362426,STOP_LOSS
2025-06-13 00:21:00+09:00,2025-06-13 00:59:00+09:00,15,-1,42850.88,42853.88,-7.001023082839839e-05,-3.0,0.001236847411301705,SL
2025-06-13 08:58:00+09:00,2025-06-13 10:41:00+09:00,1,-1,42841.23,42334.98,0.011816887610369729,506.25,0.013316611124377147,SL
2025-06-13 10:42:00+09:00,2025-06-13 10:43:00+09:00,2,-1,42318.23,42337.48,-0.00045488670012899877,-19.25,0.0,SL
2025-06-13 10:49:00+09:00,2025-06-13 11:19:00+09:00,3,1,42363.23,42348.98,-0.00033637661717484714,-14.25,0.0015933629234598022,SL
2025-06-13 11:23:00+09:00,2025-06-13 11:58:00+09:00,4,-1,42329.73,42312.73,0.0004016089873476632,17.0,0.00352589066833169,SL
2025-06-13 12:05:00+09:00,2025-06-13 12:46:00+09:00,5,1,42293.48,42338.48,0.0010639937881678214,45.0,0.0018087894398852967,SL
2025-06-13 12:50:00+09:00,2025-06-13 13:01:00+09:00,6,1,42376.23,42357.73,-0.00043656549910173697,-18.5,0.0005309580394480584,STOP_LOSS
2025-06-13 13:16:00+09:00,2025-06-13 13:33:00+09:00,7,-1,42310.73,42335.48,-0.0005849580000155989,-24.75,0.00024225533333979346,STOP_LOSS
2025-06-13 13:49:00+09:00,2025-06-13 14:00:00+09:00,8,1,42354.73,42327.73,-0.0006374730756163479,-27.0,0.00027151630998474075,STOP_LOSS
2025-06-13 14:55:00+09:00,2025-06-13 15:25:00+09:00,9,1,42402.73,42413.83,0.00026177559793906063,11.099999999998545,0.0012522778604113119,SL
2025-06-13 15:32:00+09:00,2025-06-13 15:49:00+09:00,10,-1,42397.08,42437.33,-0.0009493578331337913,-40.25,0.0008432184480629326,STOP_LOSS
2025-06-13 15:57:00+09:00,2025-06-13 16:05:00+09:00,11,1,42435.33,42409.58,-0.0006068056970453629,-25.75,0.001101676362596921,STOP_LOSS
2025-06-13 16:26:00+09:00,2025-06-13 16:39:00+09:00,12,-1,42402.58,42443.83,-0.0009728181634230747,-41.25,9.43338825137527e-05,STOP_LOSS
2025-06-13 16:46:00+09:00,2025-06-13 16:49:00+09:00,13,1,42465.83,42436.33,-0.0006946761666968478,-29.5,2.354834463379145e-05,STOP_LOSS
2025-06-13 16:49:00+09:00,2025-06-13 17:27:00+09:00,1,1,42436.33,42465.08,0.0006774855412803133,28.75,0.0018262653721469316,SL
2025-06-13 17:29:00+09:00,2025-06-13 17:56:00+09:00,2,-1,42471.58,42479.33,-0.0001824749632577832,-7.75,0.0010065554424864816,SL
2025-06-13 18:12:00+09:00,2025-06-13 18:13:00+09:00,3,1,42478.83,42435.83,-0.0010122689349023972,-43.0,0.0,STOP_LOSS
2025-06-13 18:49:00+09:00,2025-06-13 18:53:00+09:00,4,-1,42444.33,42460.83,-0.0003887445036828241,-16.5,0.0,STOP_LOSS
2025-06-13 19:27:00+09:00,2025-06-13 19:30:00+09:00,5,1,42498.33,42479.08,-0.00045295897509384486,-19.25,0.0,STOP_LOSS
2025-06-13 20:37:00+09:00,2025-06-13 21:12:00+09:00,6,1,42535.58,42548.33,0.00029974905714227944,12.75,0.0006230078442565025,SL
2025-06-13 21:20:00+09:00,2025-06-13 21:44:00+09:00,7,1,42572.08,42543.83,-0.0006635804499098939,-28.25,0.00036996078180817095,STOP_LOSS
2025-06-13 21:52:00+09:00,2025-06-13 22:32:00+09:00,8,-1,42540.58,42481.83,0.0013810342971346417,58.75,0.002056859591477126,SL
2025-06-13 22:43:00+09:00,2025-06-13 23:44:00+09:00,9,-1,42478.33,42286.58,0.004514066348653537,191.75,0.005338015877742839,SL
2025-06-16 08:49:00+09:00,2025-06-16 09:23:00+09:00,1,1,42203.7,42229.95,0.0006219833806040703,26.25,0.0006456779855794634,SL
2025-06-16 09:30:00+09:00,2025-06-16 09:33:00+09:00,2,-1,42191.7,42218.7,-0.0006399362907870506,-27.0,0.0,STOP_LOSS
2025-06-16 09:47:00+09:00,2025-06-16 09:49:00+09:00,3,1,42223.7,42210.45,-0.0003138048063054635,-13.25,0.0,STOP_LOSS
2025-06-16 10:07:00+09:00,2025-06-16 10:16:00+09:00,4,1,42234.95,42231.95,-7.103121940478207e-05,-3.0,0.00018941658507941884,SL
2025-06-16 15:23:00+09:00,2025-06-16 15:50:00+09:00,5,1,42295.8,42324.55,0.0006797365223024508,28.75,0.00072702254124523,SL
2025-06-16 15:51:00+09:00,2025-06-16 15:53:00+09:00,6,1,42331.8,42336.05,0.00010039733722638772,4.25,0.00010039733722638772,SL
2025-06-16 16:49:00+09:00,2025-06-16 16:53:00+09:00,1,1,42404.55,42391.3,-0.00031246646881054037,-13.25,0.000282988500054829,STOP_LOSS
2025-06-16 17:04:00+09:00,2025-06-16 17:05:00+09:00,2,-1,42335.05,42354.05,-0.0004488006982394021,-19.0,0.0,STOP_LOSS
2025-06-16 17:43:00+09:00,2025-06-16 17:45:00+09:00,3,1,42388.05,42374.05,-0.0003302817657335027,-14.0,0.0,STOP_LOSS
2025-06-16 18:02:00+09:00,2025-06-16 18:03:00+09:00,4,1,42369.05,42367.55,-3.5403201157448656e-05,-1.5,0.0,SL
2025-06-16 20:02:00+09:00,2025-06-16 20:05:00+09:00,5,1,42370.05,42364.3,-0.0001357090680799291,-5.75,0.0,SL
2025-06-16 20:07:00+09:00,2025-06-16 20:13:00+09:00,6,1,42356.05,42349.8,-0.00014755861323234815,-6.25,5.9023445292939255e-05,SL
2025-06-16 21:31:00+09:00,2025-06-16 21:34:00+09:00,7,1,42458.55,42451.05,-0.0001766428669843883,-7.5,0.0,SL
2025-06-16 21:35:00+09:00,2025-06-16 21:37:00+09:00,8,1,42444.55,42447.05,5.890037708021406e-05,2.5,5.890037708021406e-05,SL
2025-06-16 22:30:00+09:00,2025-06-16 22:31:00+09:00,9,-1,42423.55,42447.55,-0.0005657235191302944,-24.0,0.0,STOP_LOSS
2025-06-16 22:35:00+09:00,2025-06-16 22:39:00+09:00,10,1,42490.8,42464.3,-0.000623664416767865,-26.5,0.0,STOP_LOSS
2025-06-17 08:49:00+09:00,2025-06-17 08:52:00+09:00,1,-1,42317.11,42342.36,-0.0005966853596571221,-25.25,0.0004017287569968743,STOP_LOSS
2025-06-17 09:23:00+09:00,2025-06-17 09:34:00+09:00,2,1,42364.36,42337.61,-0.000631426982491887,-26.75,0.000348170018383377,STOP_LOSS
2025-06-17 09:57:00+09:00,2025-06-17 10:07:00+09:00,3,1,42393.36,42376.11,-0.0004069033452408585,-17.25,0.0004069033452408585,STOP_LOSS
2025-06-17 10:24:00+09:00,2025-06-17 10:28:00+09:00,4,-1,42342.61,42359.61,-0.0004014868237928649,-17.0,0.0001298927959329857,STOP_LOSS
2025-06-17 10:51:00+09:00,2025-06-17 11:00:00+09:00,5,1,42382.36,42363.36,-0.0004482997171464732,-19.0,0.00021235249759569784,STOP_LOSS
2025-06-17 11:10:00+09:00,2025-06-17 11:15:00+09:00,6,-1,42316.86,42336.36,-0.0004608092377364483,-19.5,0.0,STOP_LOSS
2025-06-17 11:41:00+09:00,2025-06-17 11:42:00+09:00,7,-1,42321.11,42319.11,4.725773969539079e-05,2.0,4.725773969539079e-05,SL
2025-06-17 11:53:00+09:00,2025-06-17 12:02:00+09:00,8,1,42409.61,42381.11,-0.0006720174979208722,-28.5,0.00026527006496876535,STOP_LOSS
2025-06-17 14:25:00+09:00,2025-06-17 14:27:00+09:00,9,-1,42354.61,42368.11,-0.0003187374408594484,-13.5,0.0,STOP_LOSS
2025-06-17 14:34:00+09:00,2025-06-17 14:41:00+09:00,10,1,42376.61,42373.36,-7.669325130065855e-05,-3.25,3.5396885215688557e-05,SL
2025-06-17 15:48:00+09:00,2025-06-17 16:57:00+09:00,11,-1,42379.21,42246.71,0.0031265330335322437,132.5,0.004335852414426791,SL
2025-06-17 16:49:00+09:00,2025-06-17 16:55:00+09:00,1,-1,42234.46,42255.46,-0.0004972243045134234,-21.0,0.0005564176740983547,STOP_LOSS
2025-06-17 17:03:00+09:00,2025-06-17 17:16:00+09:00,2,1,42293.46,42273.46,-0.00047288635169598326,-20.0,0.00010048834973539645,STOP_LOSS
2025-06-17 17:44:00+09:00,2025-06-17 17:46:00+09:00,3,-1,42269.46,42283.71,-0.00033712283052586903,-14.25,0.0,STOP_LOSS
2025-06-17 18:04:00+09:00,2025-06-17 18:10:00+09:00,4,1,42294.96,42278.96,-0.0003782956645425365,-16.0,0.0,STOP_LOSS
2025-06-17 18:16:00+09:00,2025-06-17 18:50:00+09:00,5,-1,42261.71,42273.21,-0.00027211393007997076,-11.5,0.0004850726579686435,SL
2025-06-17 19:04:00+09:00,2025-06-17 19:06:00+09:00,6,1,42284.96,42288.21,7.685947911503286e-05,3.25,0.00011824535248466594,SL
2025-06-17 19:13:00+09:00,2025-06-17 19:17:00+09:00,7,1,42291.96,42278.21,-0.0003251208976836259,-13.75,0.00010049191382948437,STOP_LOSS
2025-06-17 19:43:00+09:00,2025-06-17 19:46:00+09:00,8,-1,42225.21,42238.46,-0.0003137935844487215,-13.25,0.00019538091107184548,STOP_LOSS
2025-06-17 20:07:00+09:00,2025-06-17 20:14:00+09:00,9,1,42300.71,42308.71,0.0001891221211180616,8.0,0.00036642410966624436,SL
2025-06-17 21:02:00+09:00,2025-06-17 21:05:00+09:00,10,1,42366.96,42356.21,-0.00025373545800784383,-10.75,0.0,STOP_LOSS
2025-06-17 21:09:00+09:00,2025-06-17 21:28:00+09:00,11,1,42341.21,42340.46,-1.7713239654700468e-05,-0.75,0.00038969127240341033,SL
2025-06-17 21:33:00+09:00,2025-06-17 21:39:00+09:00,12,-1,42326.96,42342.21,-0.0003602904626271294,-15.25,0.0002008176349069246,STOP_LOSS
2025-06-17 22:30:00+09:00,2025-06-17 23:41:00+09:00,13,1,42349.46,42431.21,0.0019303669987763717,81.75,0.003553764321906348,SL
2025-06-17 23:48:00+09:00,2025-06-17 23:50:00+09:00,14,-1,42443.96,42464.46,-0.00048298980585223436,-20.5,6.479131541920217e-05,STOP_LOSS
2025-06-18 00:11:00+09:00,2025-06-18 00:16:00+09:00,15,1,42521.21,42498.21,-0.000540906526413524,-23.0,0.0004879917575252445,STOP_LOSS
2025-06-18 00:34:00+09:00,2025-06-18 00:37:00+09:00,16,-1,42428.46,42450.21,-0.0005126276089209931,-21.75,4.7138170935263734e-05,STOP_LOSS
2025-06-18 08:54:00+09:00,2025-06-18 08:58:00+09:00,1,1,42119.42,42105.42,-0.000332388242763077,-14.0,0.0,STOP_LOSS
2025-06-18 10:02:00+09:00,2025-06-18 10:11:00+09:00,2,1,42240.42,42251.42,0.00026041407732214786,11.0,0.00026041407732214786,SL
2025-06-18 10:14:00+09:00,2025-06-18 10:17:00+09:00,3,1,42232.17,42228.67,-8.287521100620689e-05,-3.5,1.7758973787044332e-05,SL
2025-06-18 15:21:00+09:00,2025-06-18 15:54:00+09:00,4,1,42261.02,42280.02,0.00044958687698498526,19.0,0.0012422795285111435,SL
2025-06-18 16:07:00+09:00,2025-06-18 16:16:00+09:00,5,-1,42279.52,42290.52,-0.00026017324699996594,-11.0,0.00014191268018179962,STOP_LOSS
2025-06-18 16:35:00+09:00,2025-06-18 16:50:00+09:00,6,1,42297.27,42294.02,-7.683711029104244e-05,-3.25,0.00036054336367335294,SL
2025-06-18 16:49:00+09:00,2025-06-18 16:50:00+09:00,1,1,42296.52,42294.02,-5.91065175101876e-05,-2.5,0.0,SL
2025-06-18 17:02:00+09:00,2025-06-18 17:06:00+09:00,2,-1,42272.02,42292.02,-0.00047312619553075536,-20.0,0.0001655941684357644,STOP_LOSS
2025-06-18 19:23:00+09:00,2025-06-18 19:25:00+09:00,3,-1,42248.52,42263.77,-0.0003609593898200458,-15.25,0.0,STOP_LOSS
2025-06-18 20:32:00+09:00,2025-06-18 20:37:00+09:00,4,1,42215.02,42203.27,-0.0002783369521085149,-11.75,0.00010067506778393094,STOP_LOSS
2025-06-18 20:42:00+09:00,2025-06-18 21:11:00+09:00,5,1,42225.02,42255.52,0.0007223205578114587,30.5,0.0013143865888044577,SL
2025-06-18 21:17:00+09:00,2025-06-18 21:37:00+09:00,6,1,42244.02,42230.52,-0.00031957185892819863,-13.5,0.0004260958119042648,STOP_LOSS
2025-06-18 21:40:00+09:00,2025-06-18 21:53:00+09:00,7,-1,42233.02,42247.52,-0.0003433332496705185,-14.5,0.00022494247392206384,STOP_LOSS
2025-06-18 22:16:00+09:00,2025-06-18 22:19:00+09:00,8,1,42242.02,42253.02,0.0002604042136242538,11.0,0.0002604042136242538,SL
2025-06-18 22:22:00+09:00,2025-06-18 22:25:00+09:00,9,1,42248.77,42246.52,-5.3255988280842265e-05,-2.25,1.1834664062409391e-05,SL
2025-06-18 22:26:00+09:00,2025-06-18 22:27:00+09:00,10,1,42241.52,42247.27,0.00013612199561000647,5.75,0.00013612199561000647,SL
2025-06-18 22:28:00+09:00,2025-06-18 22:30:00+09:00,11,1,42247.27,42193.77,-0.0012663540153008705,-53.5,0.00017160872169965066,STOP_LOSS
2025-06-18 22:45:00+09:00,2025-06-19 00:02:00+09:00,12,1,42244.27,42479.27,0.005562884623169013,235.0,0.006415071203739585,SL
2025-06-19 09:15:00+09:00,2025-06-19 09:31:00+09:00,1,-1,42096.09,42112.09,-0.00038008280579027653,-16.0,0.0008433087253471761,STOP_LOSS
2025-06-19 10:05:00+09:00,2025-06-19 10:10:00+09:00,2,-1,42027.09,42046.59,-0.00046398644302996,-19.5,5.948544141409744e-05,STOP_LOSS
2025-06-19 10:39:00+09:00,2025-06-19 10:40:00+09:00,3,-1,42040.09,42046.09,-0.00014272091234818955,-6.0,0.0,SL
2025-06-19 15:07:00+09:00,2025-06-19 15:16:00+09:00,4,-1,42038.94,42057.19,-0.0004341213170455772,-18.25,0.0003389714393369576,STOP_LOSS
2025-06-19 16:00:00+09:00,2025-06-19 16:05:00+09:00,5,1,42063.94,42050.19,-0.00032688331145394367,-13.75,0.0001961299868723662,STOP_LOSS
2025-06-19 16:49:00+09:00,2025-06-19 17:01:00+09:00,1,-1,41977.69,42007.19,-0.000702754248744988,-29.5,0.0008516428607672313,STOP_LOSS
2025-06-19 17:10:00+09:00,2025-06-19 17:14:00+09:00,2,1,41997.44,41974.69,-0.0005416996845522013,-22.75,0.00024406249523780497,STOP_LOSS
2025-06-19 17:30:00+09:00,2025-06-19 17:39:00+09:00,3,1,42000.94,41998.19,-6.547472508948608e-05,-2.75,0.0,SL
2025-06-19 19:53:00+09:00,2025-06-19 19:54:00+09:00,4,1,42025.44,42028.44,7.138533231299899e-05,3.0,7.138533231299899e-05,SL
2025-06-19 19:59:00+09:00,2025-06-19 20:01:00+09:00,5,1,42028.44,42014.19,-0.0003390561248525998,-14.25,0.0,STOP_LOSS
2025-06-19 20:13:00+09:00,2025-06-19 20:18:00+09:00,6,-1,41960.44,41977.19,-0.00039918551855032977,-16.75,0.0002919416478950173,STOP_LOSS
2025-06-19 21:14:00+09:00,2025-06-19 21:42:00+09:00,7,-1,41985.69,41923.69,0.001476693606797935,62.0,0.001476693606797935,SL
2025-06-19 21:43:00+09:00,2025-06-19 22:17:00+09:00,8,-1,41914.44,41907.94,0.00015507782043610744,6.5,0.0008648570755090608,SL
2025-06-19 22:24:00+09:00,2025-06-19 22:32:00+09:00,9,1,41924.94,41906.19,-0.00044722783145306825,-18.75,0.0001252237928068591,STOP_LOSS
2025-06-19 22:41:00+09:00,2025-06-19 23:12:00+09:00,10,-1,41851.44,41831.44,0.00047788080888017234,20.0,0.0022281192714038033,SL
2025-06-19 23:21:00+09:00,2025-06-19 23:32:00+09:00,11,1,41834.19,41811.44,-0.0005438135649333714,-22.75,0.00022111100991796423,STOP_LOSS
2025-06-19 23:43:00+09:00,2025-06-19 23:45:00+09:00,12,-1,41807.19,41824.44,-0.0004126084532349579,-17.25,0.00017341514701179388,STOP_LOSS
2025-06-19 23:57:00+09:00,2025-06-20 00:23:00+09:00,13,1,41840.69,41811.94,-0.0006871301596603689,-28.75,0.0005676292623281308,STOP_LOSS
2025-06-20 09:03:00+09:00,2025-06-20 09:06:00+09:00,1,1,42038.76,42020.76,-0.00042817628303023207,-18.0,0.0,STOP_LOSS
2025-06-20 10:06:00+09:00,2025-06-20 10:16:00+09:00,2,-1,42002.76,42014.76,-0.0002856955114378198,-12.0,0.0005416310737675333,STOP_LOSS
2025-06-20 16:00:00+09:00,2025-06-20 16:01:00+09:00,3,-1,42056.86,42067.61,-0.00025560633865676134,-10.75,0.0,STOP_LOSS
2025-06-20 16:24:00+09:00,2025-06-20 16:27:00+09:00,4,1,42088.61,42097.36,0.0002078947249624067,8.75,0.0002078947249624067,SL
2025-06-20 16:51:00+09:00,2025-06-20 16:54:00+09:00,5,1,42127.36,42115.11,-0.0002907848960865338,-12.25,0.0,STOP_LOSS
2025-06-20 16:51:00+09:00,2025-06-20 16:54:00+09:00,1,1,42127.36,42115.11,-0.0002907848960865338,-12.25,0.0,STOP_LOSS
2025-06-20 17:00:00+09:00,2025-06-20 17:29:00+09:00,2,1,42135.11,42150.86,0.0003737975289491353,15.75,0.0009315271753176864,SL
2025-06-20 17:37:00+09:00,2025-06-20 18:15:00+09:00,3,-1,42115.86,42083.86,0.00075980877512652,32.0,0.0016798897137562903,SL
2025-06-20 19:09:00+09:00,2025-06-20 19:10:00+09:00,4,1,42101.86,42102.86,2.3751919748913705e-05,1.0,2.3751919748913705e-05,SL
2025-06-20 19:55:00+09:00,2025-06-20 19:56:00+09:00,5,1,42126.86,42120.61,-0.00014836140172801865,-6.25,0.0,SL
2025-06-20 20:06:00+09:00,2025-06-20 20:11:00+09:00,6,1,42122.36,42111.86,-0.0002492737823806643,-10.5,4.748072045345987e-05,STOP_LOSS
2025-06-20 20:28:00+09:00,2025-06-20 20:33:00+09:00,7,-1,42097.11,42106.86,-0.00023160734786782276,-9.75,4.157054961730152e-05,SL
2025-06-20 20:44:00+09:00,2025-06-20 22:35:00+09:00,8,1,42209.86,42323.11,0.0026830224028224683,113.25,0.004619773673734052,SL
2025-06-20 22:42:00+09:00,2025-06-20 22:48:00+09:00,9,1,42400.61,42352.11,-0.0011438514681746323,-48.5,0.0004009376280199742,STOP_LOSS
2025-06-20 22:54:00+09:00,2025-06-20 23:21:00+09:00,10,-1,42310.61,42350.61,-0.0009453893479673301,-40.0,0.0008153983126218223,STOP_LOSS
2025-06-20 23:27:00+09:00,2025-06-20 23:28:00+09:00,11,-1,42256.61,42287.61,-0.0007336130371082772,-31.0,0.0,STOP_LOSS
2025-06-21 00:21:00+09:00,2025-06-21 00:56:00+09:00,12,1,42267.61,42241.61,-0.0006151282270277406,-26.0,0.0015259911785880488,SL
2025-06-23 09:04:00+09:00,2025-06-23 09:07:00+09:00,1,-1,42042.6,42058.6,-0.00038056637791192743,-16.0,9.514159447798186e-05,STOP_LOSS
2025-06-23 09:38:00+09:00,2025-06-23 09:40:00+09:00,2,-1,42029.65,42031.9,-5.353363637336975e-05,-2.25,0.0,SL
2025-06-23 16:49:00+09:00,2025-06-23 17:59:00+09:00,1,1,42210.5,42258.5,0.0011371578161831772,48.0,0.0017294275121119153,SL
2025-06-23 18:10:00+09:00,2025-06-23 18:11:00+09:00,2,-1,42221.5,42241.25,-0.00046777115924351336,-19.75,0.0,STOP_LOSS
2025-06-23 19:08:00+09:00,2025-06-23 19:38:00+09:00,3,-1,42237.0,42208.5,0.0006747638326585695,28.5,0.0009647939010819898,SL
2025-06-23 19:42:00+09:00,2025-06-23 19:43:00+09:00,4,-1,42194.0,42195.5,-3.555007821017206e-05,-1.5,0.0,SL
2025-06-23 20:14:00+09:00,2025-06-23 21:00:00+09:00,5,-1,42155.0,42133.75,0.0005040920412762424,21.25,0.0019629937136757206,SL
2025-06-23 21:06:00+09:00,2025-06-23 21:07:00+09:00,6,1,42140.75,42122.5,-0.00043307250108268126,-18.25,0.0,STOP_LOSS
2025-06-23 21:41:00+09:00,2025-06-23 21:45:00+09:00,7,1,42192.0,42199.5,0.00017775881683731513,7.5,0.00020145999241562382,SL
2025-06-23 21:50:00+09:00,2025-06-23 21:53:00+09:00,8,1,42207.5,42205.25,-5.330806136350175e-05,-2.25,1.1846235858555944e-05,SL
2025-06-23 22:08:00+09:00,2025-06-23 22:09:00+09:00,9,1,42203.75,42192.25,-0.0002724876343926784,-11.5,0.0,STOP_LOSS
2025-06-23 22:24:00+09:00,2025-06-23 22:29:00+09:00,10,1,42228.0,42212.0,-0.0003788955195604812,-16.0,0.00015392630482144549,STOP_LOSS
2025-06-23 22:33:00+09:00,2025-06-23 22:35:00+09:00,11,-1,42150.0,42191.5,-0.0009845788849347568,-41.5,0.0,STOP_LOSS
2025-06-23 22:41:00+09:00,2025-06-23 22:44:00+09:00,12,1,42271.75,42235.75,-0.0008516325915061477,-36.0,0.0,STOP_LOSS
2025-06-23 23:40:00+09:00,2025-06-24 00:08:00+09:00,13,-1,42323.0,42323.0,-0.0,-0.0,0.0018193417290834771,SL
2025-06-24 00:18:00+09:00,2025-06-24 00:22:00+09:00,14,1,42330.75,42307.75,-0.0005433402432038176,-23.0,2.3623488834948588e-05,STOP_LOSS
2025-06-24 00:35:00+09:00,2025-06-24 00:38:00+09:00,15,-1,42265.25,42290.25,-0.0005915024754378597,-25.0,0.0,STOP_LOSS
2025-06-24 08:49:00+09:00,2025-06-24 08:51:00+09:00,1,1,42792.48,42785.48,-0.00016358014305317196,-7.0,0.0,SL
2025-06-24 08:57:00+09:00,2025-06-24 08:58:00+09:00,2,1,42784.98,42769.98,-0.0003505903239875302,-15.0,0.0,STOP_LOSS
2025-06-24 09:06:00+09:00,2025-06-24 09:32:00+09:00,3,-1,42772.48,42774.98,-5.844879698348096e-05,-2.5,0.0006546265262149868,SL
2025-06-24 09:52:00+09:00,2025-06-24 09:56:00+09:00,4,1,42802.23,42785.73,-0.0003854939333768357,-16.5,0.0,STOP_LOSS
2025-06-24 11:17:00+09:00,2025-06-24 11:20:00+09:00,5,-1,42771.23,42784.23,-0.0003039426268545468,-13.0,2.9225252582167965e-05,STOP_LOSS
2025-06-24 14:47:00+09:00,2025-06-24 14:59:00+09:00,6,1,42879.98,42884.98,0.00011660453199838245,5.0,0.00023903929059668403,SL
2025-06-24 15:00:00+09:00,2025-06-24 15:04:00+09:00,7,1,42902.48,42902.48,0.0,0.0,0.0001398520551725681,SL
2025-06-24 15:15:00+09:00,2025-06-24 15:22:00+09:00,8,1,42918.08,42900.83,-0.0004019285112474742,-17.25,0.0001281511195281802,STOP_LOSS
2025-06-24 16:55:00+09:00,2025-06-24 16:57:00+09:00,1,-1,42867.83,42892.33,-0.0005715241475950614,-24.5,0.0,STOP_LOSS
2025-06-24 17:32:00+09:00,2025-06-24 18:01:00+09:00,2,1,42888.33,42904.33,0.0003730618562205616,16.0,0.000402207313737793,SL
2025-06-24 18:03:00+09:00,2025-06-24 18:05:00+09:00,3,1,42900.08,42889.08,-0.00025640977825682376,-11.0,0.0,STOP_LOSS
2025-06-24 19:16:00+09:00,2025-06-24 19:23:00+09:00,4,-1,42876.58,42890.58,-0.00032651857960686227,-14.0,0.0,STOP_LOSS
2025-06-24 20:13:00+09:00,2025-06-24 20:28:00+09:00,5,-1,42853.58,42869.58,-0.0003733643723581554,-16.0,0.0005075421936743675,STOP_LOSS
2025-06-24 20:49:00+09:00,2025-06-24 20:54:00+09:00,6,1,42878.33,42864.58,-0.0003206748024001867,-13.75,0.0,STOP_LOSS
2025-06-24 21:20:00+09:00,2025-06-24 21:22:00+09:00,7,-1,42845.33,42852.83,-0.00017504824913240253,-7.5,0.0,SL
2025-06-24 21:30:00+09:00,2025-06-24 21:35:00+09:00,8,-1,42855.83,42870.33,-0.0003383436979286132,-14.5,0.00021583994523032221,STOP_LOSS
2025-06-24 21:44:00+09:00,2025-06-24 21:49:00+09:00,9,1,42874.58,42859.08,-0.00036151957640168135,-15.5,0.0002915480454852269,STOP_LOSS
2025-06-24 22:15:00+09:00,2025-06-24 22:53:00+09:00,10,1,42875.58,42904.83,0.0006822065147573513,29.25,0.0025364088369183575,SL
2025-06-24 23:00:00+09:00,2025-06-24 23:24:00+09:00,11,-1,42870.83,42908.33,-0.000874720643383858,-37.5,0.0013412383198552489,STOP_LOSS
2025-06-25 17:30:00+09:00,2025-06-25 17:31:00+09:00,1,-1,43078.99,43092.74,-0.0003191811135776396,-13.75,0.0,STOP_LOSS
2025-06-25 22:31:00+09:00,2025-06-25 22:34:00+09:00,2,-1,43081.49,43106.99,-0.0005919015335820559,-25.5,0.00011025616802018687,STOP_LOSS
2025-06-25 23:16:00+09:00,2025-06-25 23:45:00+09:00,3,-1,43045.99,43074.24,-0.0006562748353563248,-28.25,0.0008595458020596112,STOP_LOSS
2025-06-25 23:56:00+09:00,2025-06-26 00:07:00+09:00,4,1,43041.99,43021.99,-0.0004646625307054809,-20.0,0.0002555643918880145,STOP_LOSS
2025-06-26 21:34:00+09:00,2025-06-26 21:36:00+09:00,1,-1,43071.89,43085.89,-0.0003250379772050867,-14.0,0.0,STOP_LOSS
2025-06-26 21:51:00+09:00,2025-06-26 22:04:00+09:00,2,1,43114.14,43092.64,-0.000498676304340061,-21.5,0.00012176979524582887,STOP_LOSS
2025-06-26 22:31:00+09:00,2025-06-26 22:54:00+09:00,3,1,43182.64,43165.89,-0.000387887354733291,-16.75,0.0015747068729470917,STOP_LOSS
2025-06-26 23:09:00+09:00,2025-06-26 23:19:00+09:00,4,-1,43144.64,43171.39,-0.0006200074910811633,-26.75,0.00016224495093712684,STOP_LOSS
2025-06-26 23:31:00+09:00,2025-06-26 23:44:00+09:00,5,1,43276.14,43255.64,-0.00047370213702053836,-20.5,0.00036971874108920064,STOP_LOSS
2025-06-27 00:33:00+09:00,2025-06-27 00:35:00+09:00,6,-1,43273.64,43301.39,-0.0006412679867004486,-27.75,0.0,STOP_LOSS
2025-06-27 21:38:00+09:00,2025-06-27 21:45:00+09:00,1,-1,43560.48,43572.23,-0.0002697399110386295,-11.75,0.0002869573521687548,STOP_LOSS
2025-06-30 16:18:00+09:00,2025-06-30 16:21:00+09:00,1,-1,44093.85,44106.35,-0.0002834862458143256,-12.5,0.0,STOP_LOSS
2025-06-30 17:10:00+09:00,2025-06-30 17:25:00+09:00,1,-1,44075.85,44068.85,0.0001588171300156435,7.0,0.00023822569502346524,SL
2025-06-30 22:30:00+09:00,2025-06-30 22:31:00+09:00,2,1,44070.1,44038.85,-0.0007090975514010634,-31.25,0.0,STOP_LOSS
2025-06-30 22:36:00+09:00,2025-06-30 22:39:00+09:00,3,-1,44022.6,44042.1,-0.00044295430074552615,-19.5,0.00010222022324896758,STOP_LOSS
2025-07-01 00:18:00+09:00,2025-07-01 01:00:00+09:00,4,1,43978.1,44032.1,0.0012278838785668323,54.0,0.0025012449378213246,SL
2025-07-01 16:05:00+09:00,2025-07-01 16:11:00+09:00,1,1,44109.78,44095.53,-0.0003230576076325931,-14.25,0.0,STOP_LOSS
2025-07-01 17:17:00+09:00,2025-07-01 17:25:00+09:00,1,1,44085.28,44087.53,5.1037443790761904e-05,2.25,0.00014177067719656086,SL
2025-07-01 21:30:00+09:00,2025-07-01 21:33:00+09:00,2,-1,44041.53,44048.53,-0.0001589408905639745,-7.0,0.0,SL
2025-07-01 21:35:00+09:00,2025-07-01 21:39:00+09:00,3,-1,44075.53,44056.53,0.00043107819690426866,19.0,0.00043107819690426866,SL
2025-07-01 21:50:00+09:00,2025-07-01 21:55:00+09:00,4,1,44071.53,44072.53,2.2690385380312414e-05,1.0,0.0001361423122818745,SL
2025-07-01 22:30:00+09:00,2025-07-01 22:31:00+09:00,5,-1,44110.53,44137.53,-0.0006120987437693449,-27.0,0.0,STOP_LOSS
2025-07-02 16:14:00+09:00,2025-07-02 16:16:00+09:00,1,1,44679.62,44667.37,-0.000274174220819246,-12.25,0.0,STOP_LOSS
2025-07-02 16:22:00+09:00,2025-07-02 16:25:00+09:00,2,-1,44668.62,44670.12,-3.3580621026573015e-05,-1.5,8.395155256643253e-05,SL
2025-07-02 17:20:00+09:00,2025-07-02 17:29:00+09:00,1,-1,44600.62,44580.62,0.00044842425957307316,20.0,0.0006838469958489366,SL
2025-07-02 21:05:00+09:00,2025-07-02 23:28:00+09:00,2,-1,44595.12,44454.87,0.0031449629466183742,140.25,0.0047707013682214555,SL
2025-07-02 23:32:00+09:00,2025-07-02 23:45:00+09:00,3,1,44473.37,44435.37,-0.0008544439065445231,-38.0,0.0007307743937551843,STOP_LOSS
2025-07-03 00:13:00+09:00,2025-07-03 00:16:00+09:00,4,-1,44464.87,44498.37,-0.0007534037544695396,-33.5,0.0,STOP_LOSS
2025-07-03 00:21:00+09:00,2025-07-03 00:57:00+09:00,5,1,44523.62,44519.37,-9.545495177615836e-05,-4.25,0.001297064344723093,SL
2025-07-03 21:31:00+09:00,2025-07-03 21:32:00+09:00,1,1,44622.19,44607.44,-0.0003305530275407818,-14.75,0.0,STOP_LOSS
2025-07-03 21:58:00+09:00,2025-07-03 22:05:00+09:00,2,-1,44546.44,44566.69,-0.00045458178027245273,-20.25,1.6836362232313063e-05,STOP_LOSS
2025-07-03 22:30:00+09:00,2025-07-04 00:21:00+09:00,3,1,44594.69,44844.94,0.005611654661126694,250.25,0.006631955508604275,SL
2025-07-04 00:22:00+09:00,2025-07-04 00:31:00+09:00,4,-1,44823.94,44840.94,-0.00037926161778728063,-17.0,0.0006469757009312434,STOP_LOSS
2025-07-04 00:53:00+09:00,2025-07-04 00:57:00+09:00,5,1,44851.94,44836.94,-0.00033443369450685966,-15.0,0.00013377347780274386,STOP_LOSS
2025-07-04 16:18:00+09:00,2025-07-04 16:24:00+09:00,1,-1,44629.96,44641.46,-0.0002576744411153405,-11.5,0.0001960566399790634,STOP_LOSS
2025-07-04 17:53:00+09:00,2025-07-04 17:56:00+09:00,1,-1,44566.96,44577.46,-0.00023560054354167302,-10.5,0.0,SL
2025-07-04 18:16:00+09:00,2025-07-04 18:17:00+09:00,2,1,44606.71,44584.71,-0.0004931993415340427,-22.0,0.0,STOP_LOSS
2025-07-04 19:57:00+09:00,2025-07-04 20:00:00+09:00,3,-1,44542.96,44557.96,-0.0003367535520764673,-15.0,0.0,STOP_LOSS
2025-07-04 20:22:00+09:00,2025-07-04 20:31:00+09:00,4,1,44586.46,44586.96,1.121416681207703e-05,0.5,0.00012335583493284732,SL
2025-07-04 22:44:00+09:00,2025-07-04 23:10:00+09:00,5,1,44609.96,44614.21,9.527020423241806e-05,4.25,0.000543600577090856,SL
2025-07-07 16:16:00+09:00,2025-07-07 16:19:00+09:00,1,1,44707.91,44695.91,-0.0002684088788762436,-12.0,0.0,STOP_LOSS
2025-07-07 16:32:00+09:00,2025-07-07 16:33:00+09:00,2,-1,44693.16,44698.66,-0.0001230613364550638,-5.5,0.0,SL
2025-07-07 17:22:00+09:00,2025-07-07 17:31:00+09:00,1,1,44754.16,44782.66,0.0006368123097383572,28.5,0.0007932223507267257,SL
2025-07-07 19:15:00+09:00,2025-07-07 19:16:00+09:00,2,1,44834.41,44837.66,7.24889655066276e-05,3.25,7.24889655066276e-05,SL
2025-07-07 19:17:00+09:00,2025-07-07 19:18:00+09:00,3,1,44841.16,44835.41,-0.00012823040260332246,-5.75,0.0,SL
2025-07-07 22:02:00+09:00,2025-07-07 22:03:00+09:00,4,-1,44764.16,44759.66,0.00010052685005146974,4.5,0.00010052685005146974,SL
2025-07-07 22:05:00+09:00,2025-07-07 22:26:00+09:00,5,-1,44764.66,44776.66,-0.00026806860590474716,-12.0,0.00041327243410315187,STOP_LOSS
2025-07-07 22:40:00+09:00,2025-07-07 22:44:00+09:00,6,1,44791.91,44759.41,-0.0007255774536071357,-32.5,0.0,STOP_LOSS
2025-07-07 23:00:00+09:00,2025-07-07 23:02:00+09:00,7,1,44767.91,44714.91,-0.0011838837238548772,-53.0,0.0,STOP_LOSS
2025-07-08 17:18:00+09:00,2025-07-08 17:19:00+09:00,1,-1,44405.44,44404.19,2.8149704180388707e-05,1.25,2.8149704180388707e-05,SL
2025-07-08 22:34:00+09:00,2025-07-08 22:37:00+09:00,2,-1,44330.44,44348.69,-0.000411681002940643,-18.25,0.0003101706186539091,STOP_LOSS
2025-07-08 22:48:00+09:00,2025-07-08 22:53:00+09:00,3,1,44448.69,44412.19,-0.0008211715575869615,-36.5,0.0,STOP_LOSS
2025-07-08 23:06:00+09:00,2025-07-08 23:13:00+09:00,4,-1,44284.69,44320.69,-0.0008129220279062584,-36.0,6.774350232552153e-05,STOP_LOSS
2025-07-08 23:39:00+09:00,2025-07-08 23:42:00+09:00,5,1,44382.69,44331.69,-0.0011490966410553302,-51.0,0.0,STOP_LOSS
2025-07-08 23:55:00+09:00,2025-07-08 23:56:00+09:00,6,-1,44241.69,44271.19,-0.0006667918879229071,-29.5,0.0,STOP_LOSS
2025-07-09 00:16:00+09:00,2025-07-09 00:19:00+09:00,7,1,44357.44,44329.44,-0.0006312357070200625,-28.0,4.508826478714732e-05,STOP_LOSS
2025-07-09 00:35:00+09:00,2025-07-09 00:39:00+09:00,8,-1,44309.19,44331.44,-0.0005021531650657573,-22.25,0.0,STOP_LOSS
2025-07-09 18:32:00+09:00,2025-07-09 18:42:00+09:00,1,1,44332.2,44343.45,0.0002537658857444476,11.25,0.0003270760305150658,SL
2025-07-09 22:11:00+09:00,2025-07-09 22:12:00+09:00,2,1,44448.2,44447.2,-2.2498098910642054e-05,-1.0,0.0,SL
2025-07-09 22:31:00+09:00,2025-07-09 22:33:00+09:00,3,1,44502.2,44472.2,-0.0006741239758933266,-30.0,0.0,STOP_LOSS
2025-07-09 23:11:00+09:00,2025-07-09 23:17:00+09:00,4,-1,44458.45,44486.45,-0.0006298015337916639,-28.0,0.0,STOP_LOSS
2025-07-10 00:14:00+09:00,2025-07-10 00:26:00+09:00,5,-1,44277.45,44315.45,-0.0008582246719266805,-38.0,0.00047428205553842875,STOP_LOSS
2025-07-10 22:30:00+09:00,2025-07-10 22:31:00+09:00,1,1,44428.25,44413.25,-0.0003376230213884184,-15.0,0.0,STOP_LOSS
2025-07-11 09:16:00+09:00,2025-07-11 10:16:00+09:00,1,-1,44610.65,44478.9,0.0029533306508647598,131.75,0.004225448407499106,SL
2025-07-11 10:18:00+09:00,2025-07-11 10:37:00+09:00,2,1,44467.9,44485.65,0.0003991643410190272,17.75,0.0005903134620703923,SL
2025-07-11 15:02:00+09:00,2025-07-11 15:06:00+09:00,3,-1,44502.9,44519.9,-0.0003819975776859485,-17.0,4.494089149246453e-05,STOP_LOSS
2025-07-11 15:43:00+09:00,2025-07-11 15:51:00+09:00,4,-1,44510.25,44505.0,0.00011795035974859724,5.25,0.00019096724911677647,SL
2025-07-11 16:49:00+09:00,2025-07-11 17:28:00+09:00,1,-1,44438.75,44440.0,-2.81286039773846e-05,-1.25,0.0008719867232989227,SL
2025-07-11 17:31:00+09:00,2025-07-11 17:44:00+09:00,2,1,44418.5,44420.5,4.502628409333949e-05,2.0,0.00019136170739669282,SL
2025-07-11 17:53:00+09:00,2025-07-11 17:55:00+09:00,3,1,44442.5,44437.0,-0.0001237554142993756,-5.5,9.562918377679023e-05,SL
2025-07-11 18:05:00+09:00,2025-07-11 18:11:00+09:00,4,1,44420.0,44412.0,-0.00018009905447996397,-8.0,2.8140477262494372e-05,SL
2025-07-11 19:01:00+09:00,2025-07-11 19:03:00+09:00,5,-1,44319.5,44334.5,-0.0003384514716998161,-15.0,6.204943647829962e-05,STOP_LOSS
2025-07-11 19:29:00+09:00,2025-07-11 19:34:00+09:00,6,-1,44355.0,44355.0,-0.0,-0.0,0.0,SL
2025-07-11 19:42:00+09:00,2025-07-11 19:43:00+09:00,7,-1,44349.5,44346.5,6.764450557503467e-05,3.0,6.764450557503467e-05,SL
2025-07-11 19:58:00+09:00,2025-07-11 20:00:00+09:00,8,-1,44341.5,44364.25,-0.0005130633830610151,-22.75,0.0,STOP_LOSS
2025-07-11 20:09:00+09:00,2025-07-11 20:25:00+09:00,9,1,44375.0,44390.75,0.00035492957746478874,15.75,0.00035492957746478874,SL
2025-07-11 21:38:00+09:00,2025-07-11 21:47:00+09:00,10,-1,44389.0,44408.0,-0.0004280339723805447,-19.0,0.00031539345333303297,STOP_LOSS
2025-07-11 21:56:00+09:00,2025-07-11 22:01:00+09:00,11,1,44404.75,44387.0,-0.0003997320106520136,-17.75,6.193031150946689e-05,STOP_LOSS
2025-07-11 22:19:00+09:00,2025-07-11 22:25:00+09:00,12,-1,44369.0,44388.5,-0.00043949604453559916,-19.5,0.0,STOP_LOSS
2025-07-11 23:05:00+09:00,2025-07-11 23:12:00+09:00,13,1,44413.75,44381.0,-0.0007373842560018012,-32.75,0.0,STOP_LOSS
2025-07-11 23:51:00+09:00,2025-07-12 00:39:00+09:00,14,-1,44403.75,44377.75,0.0005855361315204233,26.0,0.0017566083945612702,SL
2025-07-12 00:53:00+09:00,2025-07-12 01:00:00+09:00,15,-1,44318.5,44343.75,-0.0005697394993061588,-25.25,0.0003158951679321277,STOP_LOSS
2025-07-14 15:06:00+09:00,2025-07-14 15:20:00+09:00,1,-1,44118.67,44132.02,-0.00030259298387731417,-13.349999999998545,0.0002640605439828865,STOP_LOSS
2025-07-14 16:18:00+09:00,2025-07-14 16:32:00+09:00,2,-1,44128.52,44150.02,-0.0004872132580018546,-21.5,0.00040223420137362417,STOP_LOSS
2025-07-14 16:41:00+09:00,2025-07-14 16:52:00+09:00,3,1,44165.27,44220.02,0.0012396618428914847,54.75,0.0012396618428914847,SL
2025-07-14 16:54:00+09:00,2025-07-14 16:55:00+09:00,4,1,44230.02,44228.77,-2.8261348287882305e-05,-1.25,0.0,SL
2025-07-14 16:49:00+09:00,2025-07-14 16:52:00+09:00,1,1,44197.77,44220.02,0.0005034190639029979,22.25,0.0005034190639029979,SL
2025-07-14 16:54:00+09:00,2025-07-14 16:55:00+09:00,2,1,44230.02,44228.77,-2.8261348287882305e-05,-1.25,0.0,SL
2025-07-14 17:02:00+09:00,2025-07-14 17:11:00+09:00,3,1,44200.77,44185.77,-0.00033936060389898185,-15.0,0.00013574424155959276,STOP_LOSS
2025-07-14 17:22:00+09:00,2025-07-14 17:25:00+09:00,4,-1,44190.77,44180.77,0.00022629159890176162,10.0,0.00022629159890176162,SL
2025-07-14 22:29:00+09:00,2025-07-14 22:30:00+09:00,5,1,44326.77,44293.77,-0.0007444711175662021,-33.0,0.0,STOP_LOSS
2025-07-14 23:15:00+09:00,2025-07-14 23:23:00+09:00,6,-1,44384.02,44403.02,-0.00042808199888157947,-19.0,0.00018024505216066505,SL
2025-07-14 23:31:00+09:00,2025-07-14 23:41:00+09:00,7,-1,44339.02,44368.02,-0.0006540514427247152,-29.0,0.0006766049407497054,STOP_LOSS
2025-07-15 00:12:00+09:00,2025-07-15 00:16:00+09:00,8,1,44378.02,44336.02,-0.0009464144637367778,-42.0,0.0,STOP_LOSS
2025-07-15 10:46:00+09:00,2025-07-15 11:04:00+09:00,1,1,44510.4,44494.9,-0.0003482332218987023,-15.5,0.00221296595851756,STOP_LOSS
2025-07-15 11:21:00+09:00,2025-07-15 11:57:00+09:00,2,-1,44476.9,44433.15,0.0009836566847059934,43.75,0.001112937277553067,SL
2025-07-15 16:20:00+09:00,2025-07-15 16:25:00+09:00,3,-1,44493.5,44489.5,8.990077202287975e-05,4.0,0.00020227673705147943,SL
2025-07-15 17:00:00+09:00,2025-07-15 17:36:00+09:00,1,-1,44464.5,44433.5,0.0006971853950904655,31.0,0.0015967794532717112,SL
2025-07-15 19:38:00+09:00,2025-07-15 19:50:00+09:00,2,1,44465.5,44449.5,-0.0003598295307598025,-16.0,0.0007646377528645804,STOP_LOSS
2025-07-15 19:55:00+09:00,2025-07-15 20:00:00+09:00,3,-1,44462.5,44487.5,-0.000562271577171774,-25.0,0.0,STOP_LOSS
2025-07-15 20:13:00+09:00,2025-07-15 20:23:00+09:00,4,1,44501.0,44480.5,-0.0004606638053077459,-20.5,8.426776926361205e-05,STOP_LOSS
2025-07-15 21:05:00+09:00,2025-07-15 21:06:00+09:00,5,-1,44412.0,44424.75,-0.0002870845717373683,-12.75,0.0,STOP_LOSS
2025-07-15 21:35:00+09:00,2025-07-15 21:38:00+09:00,6,1,44475.25,44452.0,-0.0005227626601311965,-23.25,0.0,STOP_LOSS
2025-07-15 22:11:00+09:00,2025-07-15 22:34:00+09:00,7,1,44455.5,44433.0,-0.0005061241016297196,-22.5,0.0013496642710125856,STOP_LOSS
2025-07-15 22:39:00+09:00,2025-07-15 22:52:00+09:00,8,-1,44355.25,44390.25,-0.0007890835921339638,-35.0,0.0007214478556653383,STOP_LOSS
2025-07-16 00:27:00+09:00,2025-07-16 00:33:00+09:00,9,1,44234.5,44201.75,-0.0007403723338118437,-32.75,0.00029953995184753984,STOP_LOSS
2025-07-16 14:20:00+09:00,2025-07-16 14:21:00+09:00,1,-1,43959.61,43956.86,6.255742487251365e-05,2.75,6.255742487251365e-05,SL
2025-07-16 14:23:00+09:00,2025-07-16 14:25:00+09:00,2,-1,43951.61,43959.11,-0.0001706422131066416,-7.5,0.0,SL
2025-07-16 16:10:00+09:00,2025-07-16 16:13:00+09:00,3,-1,43900.96,43930.46,-0.000671967082268816,-29.5,0.0,STOP_LOSS
2025-07-16 16:20:00+09:00,2025-07-16 16:27:00+09:00,4,1,43961.46,43944.96,-0.00037532875386759223,-16.5,5.6867993010241244e-05,STOP_LOSS
2025-07-16 20:25:00+09:00,2025-07-16 20:33:00+09:00,1,1,44122.21,44098.21,-0.0005439437417119405,-24.0,0.0006402671126400967,STOP_LOSS
2025-07-16 21:30:00+09:00,2025-07-16 22:02:00+09:00,2,1,44176.71,44174.21,-5.659090502665319e-05,-2.5,0.0010073181094744268,SL
2025-07-16 22:13:00+09:00,2025-07-16 22:20:00+09:00,3,-1,44171.46,44189.71,-0.00041316270732278266,-18.25,7.923668359615009e-05,STOP_LOSS
2025-07-16 22:35:00+09:00,2025-07-16 22:40:00+09:00,4,1,44215.46,44173.96,-0.0009385857344919628,-41.5,0.0007463452828490307,STOP_LOSS
2025-07-16 22:47:00+09:00,2025-07-16 23:16:00+09:00,5,-1,44094.46,44112.96,-0.0004195538396433475,-18.5,0.0009298220229933648,SL
2025-07-16 23:26:00+09:00,2025-07-16 23:33:00+09:00,6,-1,44078.71,44115.46,-0.0008337358330132619,-36.75,0.0001985085316698243,STOP_LOSS
2025-07-16 23:51:00+09:00,2025-07-16 23:54:00+09:00,7,1,44157.46,44058.46,-0.002241976780367349,-99.0,0.00027175476125664835,STOP_LOSS
2025-07-17 00:02:00+09:00,2025-07-17 00:08:00+09:00,8,-1,44072.46,44117.96,-0.001032390749234329,-45.5,0.0,STOP_LOSS
2025-07-17 00:11:00+09:00,2025-07-17 00:16:00+09:00,9,1,44154.46,43990.96,-0.003702910192990697,-163.5,0.00011323884382234547,STOP_LOSS
2025-07-17 00:20:00+09:00,2025-07-17 00:27:00+09:00,10,-1,43910.46,43955.46,-0.0010248127667075225,-45.0,0.0009963457454100913,STOP_LOSS
2025-07-17 16:21:00+09:00,2025-07-17 16:23:00+09:00,1,-1,44217.89,44234.14,-0.0003674983134654322,-16.25,0.0,STOP_LOSS
2025-07-17 16:36:00+09:00,2025-07-17 16:46:00+09:00,2,1,44249.89,44228.39,-0.0004858769140443061,-21.5,3.9548120910583054e-05,STOP_LOSS
2025-07-17 16:52:00+09:00,2025-07-17 16:53:00+09:00,3,-1,44214.39,44210.64,8.48140164322068e-05,3.75,8.48140164322068e-05,SL
2025-07-17 16:52:00+09:00,2025-07-17 16:53:00+09:00,1,-1,44214.39,44210.64,8.48140164322068e-05,3.75,8.48140164322068e-05,SL
2025-07-17 17:24:00+09:00,2025-07-17 17:28:00+09:00,2,-1,44188.89,44203.39,-0.0003281367782716425,-14.5,5.657530659855905e-05,STOP_LOSS
2025-07-17 20:02:00+09:00,2025-07-17 20:11:00+09:00,3,-1,44173.14,44186.39,-0.00029995603663221586,-13.25,5.0935930748866847e-05,STOP_LOSS
2025-07-17 21:31:00+09:00,2025-07-17 21:36:00+09:00,4,-1,44179.89,44200.89,-0.0004753293862886485,-21.0,0.00023766469314432425,STOP_LOSS
2025-07-17 21:41:00+09:00,2025-07-17 22:21:00+09:00,5,1,44216.39,44246.89,0.000689789464947274,30.5,0.0017131656383526561,SL
2025-07-17 22:29:00+09:00,2025-07-17 22:31:00+09:00,6,-1,44216.39,44300.89,-0.0019110560586244152,-84.5,0.0,STOP_LOSS
2025-07-17 22:35:00+09:00,2025-07-17 23:08:00+09:00,7,1,44382.64,44441.89,0.0013349814251698412,59.25,0.002489712193776666,SL
2025-07-17 23:13:00+09:00,2025-07-17 23:15:00+09:00,8,1,44483.14,44457.14,-0.0005844911128126297,-26.0,0.0,STOP_LOSS
2025-07-17 23:22:00+09:00,2025-07-17 23:54:00+09:00,9,-1,44351.89,44357.14,-0.00011837150570133539,-5.25,0.0017473888936863796,SL
2025-07-18 00:06:00+09:00,2025-07-18 00:14:00+09:00,10,1,44362.39,44335.14,-0.0006142590604338495,-27.25,0.0,STOP_LOSS
2025-07-18 19:39:00+09:00,2025-07-18 19:43:00+09:00,1,-1,44542.67,44547.67,-0.00011225191484928946,-5.0,0.0,SL
2025-07-18 20:07:00+09:00,2025-07-18 20:24:00+09:00,2,-1,44523.67,44537.67,-0.0003144394880296256,-14.0,0.00012914478972645338,STOP_LOSS
2025-07-18 22:01:00+09:00,2025-07-18 22:04:00+09:00,3,1,44578.17,44587.17,0.00020189254067629964,9.0,0.00020189254067629964,SL
2025-07-18 22:07:00+09:00,2025-07-18 22:11:00+09:00,4,1,44605.67,44612.42,0.000151326053391867,6.75,0.00018495406525672635,SL
2025-07-18 22:15:00+09:00,2025-07-18 22:16:00+09:00,5,1,44598.92,44585.17,-0.00030830342976915137,-13.75,0.0,STOP_LOSS
2025-07-18 22:25:00+09:00,2025-07-18 22:29:00+09:00,6,-1,44566.67,44588.67,-0.0004936424462496301,-22.0,7.292445228687718e-05,STOP_LOSS
2025-07-19 00:12:00+09:00,2025-07-19 00:45:00+09:00,7,1,44309.42,44314.42,0.00011284282213578964,5.0,0.0009704482703677909,SL
2025-07-21 22:31:00+09:00,2025-07-21 22:32:00+09:00,1,1,44458.38,44424.13,-0.0007703834462704219,-34.25,0.0,STOP_LOSS
2025-07-21 22:46:00+09:00,2025-07-21 22:54:00+09:00,2,-1,44411.38,44453.38,-0.0009457035561606057,-42.0,0.0005516604077603533,STOP_LOSS
2025-07-21 22:58:00+09:00,2025-07-21 23:09:00+09:00,3,1,44494.38,44458.38,-0.0008090909458677703,-36.0,0.0007191919518824625,STOP_LOSS
2025-07-21 23:57:00+09:00,2025-07-21 23:58:00+09:00,4,1,44520.38,44518.63,-3.930784058896173e-05,-1.75,0.0,SL
2025-07-22 17:15:00+09:00,2025-07-22 17:17:00+09:00,1,1,44384.42,44381.92,-5.6326071175425975e-05,-2.5,0.0,SL
2025-07-22 20:02:00+09:00,2025-07-22 20:12:00+09:00,2,-1,44275.92,44291.92,-0.00036137024369002385,-16.0,0.0007904974080719272,STOP_LOSS
2025-07-22 20:51:00+09:00,2025-07-22 20:54:00+09:00,3,1,44304.42,44304.92,1.1285555707534372e-05,0.5,3.385666712260312e-05,SL
2025-07-22 20:57:00+09:00,2025-07-22 21:03:00+09:00,4,1,44317.92,44328.92,0.00024820659453331744,11.0,0.00024820659453331744,SL
2025-07-22 21:04:00+09:00,2025-07-22 21:06:00+09:00,5,1,44337.92,44326.92,-0.00024809463321689426,-11.0,0.0,STOP_LOSS
2025-07-22 22:30:00+09:00,2025-07-22 22:31:00+09:00,6,-1,44309.92,44364.92,-0.0012412570367989833,-55.0,0.0,STOP_LOSS
2025-07-22 22:36:00+09:00,2025-07-22 23:04:00+09:00,7,1,44383.17,44396.67,0.00030416935067954814,13.5,0.0020559594999636126,SL
2025-07-22 23:12:00+09:00,2025-07-22 23:15:00+09:00,8,-1,44330.17,44378.67,-0.0010940630275047445,-48.5,0.0,STOP_LOSS
2025-07-22 23:41:00+09:00,2025-07-22 23:52:00+09:00,9,1,44376.17,44335.17,-0.0009239193017333403,-41.0,0.00029858367677967706,STOP_LOSS
2025-07-22 23:56:00+09:00,2025-07-23 00:13:00+09:00,10,-1,44371.17,44364.17,0.00015776009512482992,7.0,0.00042820597248168125,SL
2025-07-23 00:17:00+09:00,2025-07-23 00:19:00+09:00,11,-1,44349.17,44383.17,-0.0007666434343641606,-34.0,0.0,STOP_LOSS
2025-07-23 00:26:00+09:00,2025-07-23 00:29:00+09:00,12,1,44399.17,44373.92,-0.0005687043248781453,-25.25,0.0,STOP_LOSS
2025-07-23 00:42:00+09:00,2025-07-23 00:45:00+09:00,13,-1,44342.42,44364.17,-0.000490500969500537,-21.75,3.382765306900255e-05,STOP_LOSS
2025-07-23 09:02:00+09:00,2025-07-23 09:04:00+09:00,1,1,44625.08,44612.08,-0.00029131600436346555,-13.0,0.0,STOP_LOSS
2025-07-23 09:07:00+09:00,2025-07-23 09:30:00+09:00,2,-1,44612.58,44590.58,0.0004931344477275243,22.0,0.0008741928846078841,SL
2025-07-23 16:20:00+09:00,2025-07-23 16:22:00+09:00,3,1,44683.68,44669.68,-0.0003133134961131223,-14.0,0.0,STOP_LOSS
2025-07-23 16:53:00+09:00,2025-07-23 16:55:00+09:00,4,-1,44643.68,44646.68,-6.719876139243001e-05,-3.0,0.0,SL
2025-07-23 16:53:00+09:00,2025-07-23 16:55:00+09:00,1,-1,44643.68,44646.68,-6.719876139243001e-05,-3.0,0.0,SL
2025-07-23 17:00:00+09:00,2025-07-23 17:05:00+09:00,2,-1,44650.68,44661.93,-0.00025195584927262027,-11.25,0.0002687529058907949,STOP_LOSS
2025-07-23 17:11:00+09:00,2025-07-23 17:17:00+09:00,3,1,44686.43,44695.68,0.0002069979633638221,9.25,0.0002069979633638221,SL
2025-07-23 22:42:00+09:00,2025-07-23 23:11:00+09:00,4,-1,44722.43,44732.93,-0.00023478151790946958,-10.5,0.0013080684569241876,SL
2025-07-23 23:25:00+09:00,2025-07-23 23:34:00+09:00,5,1,44748.93,44727.93,-0.0004692849639086342,-21.0,0.0,STOP_LOSS
2025-07-23 23:52:00+09:00,2025-07-24 00:01:00+09:00,6,-1,44707.93,44731.93,-0.0005368175176081738,-24.0,0.0,STOP_LOSS
2025-07-24 00:15:00+09:00,2025-07-24 00:17:00+09:00,7,1,44736.93,44700.43,-0.0008158807499754677,-36.5,0.0,STOP_LOSS
2025-07-24 19:07:00+09:00,2025-07-24 19:12:00+09:00,1,1,44923.41,44911.41,-0.0002671213071314043,-12.0,0.0,STOP_LOSS
2025-07-24 19:21:00+09:00,2025-07-24 19:25:00+09:00,2,-1,44880.41,44874.41,0.00013368861826351406,6.0,0.0002061032864895842,SL
2025-07-24 21:31:00+09:00,2025-07-24 22:14:00+09:00,3,-1,44808.66,44720.16,0.0019750646415224197,88.5,0.0025329925063592618,SL
2025-07-24 22:22:00+09:00,2025-07-24 22:23:00+09:00,4,-1,44704.91,44720.41,-0.00034671806743375615,-15.5,0.0,STOP_LOSS
2025-07-24 22:35:00+09:00,2025-07-25 00:25:00+09:00,5,1,44740.16,44868.66,0.0028721399297633263,128.5,0.004146163089269238,SL
2025-07-25 16:16:00+09:00,2025-07-25 16:34:00+09:00,1,-1,44748.4,44745.65,6.145471122989872e-05,2.75,0.00024581884491959487,SL
2025-07-25 16:36:00+09:00,2025-07-25 16:38:00+09:00,2,-1,44768.15,44755.15,0.0002903850170266138,13.0,0.0002903850170266138,SL
2025-07-25 22:11:00+09:00,2025-07-25 22:35:00+09:00,1,-1,44774.65,44789.15,-0.0003238439608126473,-14.5,0.0006811890210197064,STOP_LOSS
2025-07-25 22:40:00+09:00,2025-07-25 22:45:00+09:00,2,1,44784.4,44746.4,-0.0008485097489304311,-38.0,0.0,STOP_LOSS
2025-07-25 22:48:00+09:00,2025-07-25 22:53:00+09:00,3,-1,44727.4,44762.65,-0.0007881075135152054,-35.25,0.0,STOP_LOSS
2025-07-25 23:28:00+09:00,2025-07-26 00:09:00+09:00,4,1,44754.4,44788.9,0.0007708739252453389,34.5,0.001765189567953095,SL
2025-07-28 16:14:00+09:00,2025-07-28 16:20:00+09:00,1,-1,45067.33,45083.33,-0.0003550243602183666,-16.0,0.0,STOP_LOSS
2025-07-28 22:20:00+09:00,2025-07-28 23:07:00+09:00,1,-1,44917.33,44927.58,-0.00022819700102388098,-10.25,0.002198483302547146,SL
2025-07-28 23:11:00+09:00,2025-07-28 23:40:00+09:00,2,1,44923.58,44929.58,0.00013356014814491633,6.0,0.000801360888869498,SL
2025-07-28 23:45:00+09:00,2025-07-28 23:51:00+09:00,3,1,44953.58,44922.58,-0.0006896002498577421,-31.0,0.0,STOP_LOSS
2025-07-28 23:55:00+09:00,2025-07-29 00:08:00+09:00,4,-1,44898.58,44922.58,-0.0005345380633418696,-24.0,0.00022272419305911233,STOP_LOSS
2025-07-29 00:36:00+09:00,2025-07-29 00:39:00+09:00,5,1,44947.58,44929.58,-0.0004004664989750282,-18.0,0.0,STOP_LOSS
2025-07-29 17:06:00+09:00,2025-07-29 17:12:00+09:00,1,1,44934.5,44931.5,-6.676384515238847e-05,-3.0,8.901846020318464e-05,SL
2025-07-29 18:56:00+09:00,2025-07-29 18:57:00+09:00,2,1,44949.75,44921.5,-0.000628479579975417,-28.25,0.0,STOP_LOSS
2025-07-29 19:01:00+09:00,2025-07-29 19:30:00+09:00,3,-1,44902.25,44909.0,-0.00015032654265654838,-6.75,0.0018039185118785806,SL
2025-07-29 19:36:00+09:00,2025-07-29 19:40:00+09:00,4,1,44918.5,44897.5,-0.0004675133853534735,-21.0,0.0,STOP_LOSS
2025-07-29 19:56:00+09:00,2025-07-29 19:57:00+09:00,5,-1,44883.5,44887.75,-9.468958525961657e-05,-4.25,0.0,SL
2025-07-29 20:04:00+09:00,2025-07-29 20:05:00+09:00,6,1,44923.5,44925.5,4.452012866317184e-05,2.0,4.452012866317184e-05,SL
2025-07-29 20:07:00+09:00,2025-07-29 20:20:00+09:00,7,1,44902.5,44884.5,-0.00040086854852179724,-18.0,0.00012805523077779633,STOP_LOSS
2025-07-29 20:30:00+09:00,2025-07-29 20:32:00+09:00,8,-1,44903.5,44921.0,-0.000389724631710223,-17.5,0.0,STOP_LOSS
2025-07-29 20:37:00+09:00,2025-07-29 20:58:00+09:00,9,1,44929.25,44947.0,0.0003950655753211994,17.75,0.0006398949459427879,SL
2025-07-29 20:59:00+09:00,2025-07-29 21:04:00+09:00,10,1,44938.25,44927.0,-0.0002503435269508715,-11.25,3.337913692678286e-05,STOP_LOSS
2025-07-29 21:16:00+09:00,2025-07-29 21:17:00+09:00,11,-1,44916.0,44931.0,-0.00033395671920919047,-15.0,0.0,STOP_LOSS
2025-07-29 21:29:00+09:00,2025-07-29 21:36:00+09:00,12,-1,44914.0,44920.5,-0.00014472102239836132,-6.5,2.7830965845838715e-05,SL
2025-07-29 21:38:00+09:00,2025-07-29 21:39:00+09:00,13,-1,44905.0,44908.75,-8.350963144415989e-05,-3.75,0.0,SL
2025-07-29 21:51:00+09:00,2025-07-29 21:53:00+09:00,14,-1,44873.75,44887.5,-0.0003064152204796791,-13.75,0.0,STOP_LOSS
2025-07-29 23:20:00+09:00,2025-07-29 23:21:00+09:00,15,1,44858.0,44830.75,-0.0006074724686789424,-27.25,0.0,STOP_LOSS
2025-07-29 23:35:00+09:00,2025-07-30 00:53:00+09:00,16,-1,44791.75,44683.75,0.0024111583048217586,108.0,0.0036725513068812895,SL
2025-07-30 21:13:00+09:00,2025-07-30 21:19:00+09:00,1,-1,44669.74,44681.74,-0.00026863823250370387,-12.0,0.0001231258565641976,STOP_LOSS
2025-07-30 22:30:00+09:00,2025-07-30 22:40:00+09:00,2,1,44660.74,44647.49,-0.0002966811566489942,-13.25,0.0009852053503815656,STOP_LOSS
2025-07-30 22:45:00+09:00,2025-07-30 23:12:00+09:00,3,-1,44657.74,44670.99,-0.0002967010869784275,-13.25,0.0012259912839297287,SL
2025-07-30 23:16:00+09:00,2025-07-30 23:47:00+09:00,4,1,44699.99,44698.99,-2.2371369658024534e-05,-1.0,0.0012304253311913494,SL
2025-07-30 23:55:00+09:00,2025-07-31 00:42:00+09:00,5,-1,44684.99,44615.99,0.001544142675202568,69.0,0.0022602668144269477,SL
2025-08-01 08:49:00+09:00,2025-08-01 09:00:00+09:00,1,1,44134.67,44122.67,-0.000271895088373834,-12.0,0.000135947544186917,STOP_LOSS
2025-08-01 09:04:00+09:00,2025-08-01 09:47:00+09:00,2,-1,44114.67,44084.67,0.0006800458894966233,30.0,0.002023136521252454,SL
2025-08-01 10:03:00+09:00,2025-08-01 10:22:00+09:00,3,1,44097.17,44119.67,0.0005102368247214051,22.5,0.0005102368247214051,SL
2025-08-01 10:24:00+09:00,2025-08-01 10:27:00+09:00,4,1,44118.42,44125.67,0.00016433045426377465,7.25,0.0002323292629246469,SL
2025-08-01 15:11:00+09:00,2025-08-01 15:15:00+09:00,5,-1,44041.27,44041.27,-0.0,-0.0,0.0001362358533257556,SL
2025-08-01 15:30:00+09:00,2025-08-01 15:47:00+09:00,6,-1,44000.77,44016.52,-0.0003579482813596217,-15.75,0.00024431390632482115,STOP_LOSS
2025-08-01 16:49:00+09:00,2025-08-01 16:52:00+09:00,1,-1,43738.02,43778.02,-0.0009145361404105628,-40.0,0.0,STOP_LOSS
2025-08-01 17:13:00+09:00,2025-08-01 17:26:00+09:00,2,1,43827.02,43804.52,-0.0005133819274046012,-22.5,0.000462043734664141,STOP_LOSS
2025-08-01 17:36:00+09:00,2025-08-01 17:45:00+09:00,3,-1,43737.27,43764.77,-0.000628754378131054,-27.5,0.00038868452466283334,STOP_LOSS
2025-08-01 18:07:00+09:00,2025-08-01 18:20:00+09:00,4,1,43792.02,43763.77,-0.0006450946999019457,-28.25,0.0002797313300459764,STOP_LOSS
2025-08-01 18:30:00+09:00,2025-08-01 18:40:00+09:00,5,-1,43763.52,43778.77,-0.00034846374331863616,-15.25,0.00046271415096409065,STOP_LOSS
2025-08-01 18:57:00+09:00,2025-08-01 19:00:00+09:00,6,1,43779.77,43764.27,-0.00035404480197132146,-15.5,0.0,STOP_LOSS
2025-08-01 19:06:00+09:00,2025-08-01 19:12:00+09:00,7,-1,43740.27,43754.27,-0.0003200711838312841,-14.0,0.00022862227416520293,STOP_LOSS
2025-08-01 20:17:00+09:00,2025-08-01 21:30:00+09:00,8,1,43765.27,43739.02,-0.0005997906559242067,-26.25,0.0010681985967412062,STOP_LOSS
2025-08-01 21:33:00+09:00,2025-08-01 21:36:00+09:00,9,-1,43745.02,43782.52,-0.000857240435597012,-37.5,0.0006114981773925353,STOP_LOSS
2025-08-01 21:43:00+09:00,2025-08-01 21:45:00+09:00,10,1,43873.52,43827.02,-0.0010598648113942079,-46.5,0.0,STOP_LOSS
2025-08-01 22:08:00+09:00,2025-08-01 23:16:00+09:00,11,-1,43774.77,43527.52,0.0056482307045816575,247.25,0.009566012568426974,SL
2025-08-01 23:25:00+09:00,2025-08-01 23:52:00+09:00,12,1,43562.52,43546.02,-0.0003787659667071602,-16.5,0.0015954081627968263,SL
2025-08-01 23:59:00+09:00,2025-08-02 00:07:00+09:00,13,-1,43536.27,43582.52,-0.0010623326251881478,-46.25,0.00018375483246497692,STOP_LOSS
2025-08-02 00:23:00+09:00,2025-08-02 00:40:00+09:00,14,-1,43529.02,43579.02,-0.001148658986579528,-50.0,0.0011601455764453231,STOP_LOSS
2025-08-04 08:49:00+09:00,2025-08-04 08:55:00+09:00,1,-1,43615.47,43623.72,-0.00018915306885378054,-8.25,0.0,SL
2025-08-04 09:02:00+09:00,2025-08-04 11:03:00+09:00,2,1,43626.97,43686.82,0.001371857820976303,59.849999999998545,0.0017477720776849733,SL
2025-08-04 15:30:00+09:00,2025-08-04 15:50:00+09:00,3,-1,43718.07,43729.82,-0.00026876758283245347,-11.75,0.0009435457695181878,STOP_LOSS
2025-08-04 16:00:00+09:00,2025-08-04 16:01:00+09:00,4,1,43735.07,43717.32,-0.0004058527858764145,-17.75,0.0,STOP_LOSS
2025-08-04 16:49:00+09:00,2025-08-04 16:51:00+09:00,1,1,43823.07,43806.07,-0.0003879235297755269,-17.0,0.0,STOP_LOSS
2025-08-04 17:22:00+09:00,2025-08-04 17:50:00+09:00,2,1,43820.32,43872.32,0.0011866640864329609,52.0,0.0011866640864329609,SL
2025-08-04 18:12:00+09:00,2025-08-04 18:24:00+09:00,3,1,43886.07,43898.32,0.0002791318520888291,12.25,0.0003987597886983273,SL
2025-08-04 20:14:00+09:00,2025-08-04 20:26:00+09:00,4,-1,43796.32,43809.07,-0.0002911203498376119,-12.75,0.00020549671753243196,STOP_LOSS
2025-08-04 20:49:00+09:00,2025-08-04 20:50:00+09:00,5,-1,43785.82,43786.57,-1.712883303316005e-05,-0.75,0.0,SL
2025-08-04 21:09:00+09:00,2025-08-04 21:10:00+09:00,6,-1,43780.57,43778.07,5.710295685962974e-05,2.5,5.710295685962974e-05,SL
2025-08-04 21:22:00+09:00,2025-08-04 21:41:00+09:00,7,1,43820.57,43821.07,1.1410166503995727e-05,0.5,0.0003936507443878526,SL
2025-08-04 22:30:00+09:00,2025-08-05 00:23:00+09:00,8,1,43864.57,44078.42,0.00487523301835624,213.84999999999854,0.0060379025714830566,SL
2025-08-05 00:35:00+09:00,2025-08-05 00:58:00+09:00,9,-1,44082.92,44101.42,-0.00041966367019244643,-18.5,0.0012476487492207866,SL
2025-08-05 09:52:00+09:00,2025-08-05 10:17:00+09:00,1,1,44259.13,44250.13,-0.0002033478742126201,-9.0,0.0007399603200514787,SL
2025-08-05 10:23:00+09:00,2025-08-05 10:27:00+09:00,2,-1,44253.38,44250.13,7.344071797453664e-05,3.25,9.603786196670175e-05,SL
2025-08-05 10:30:00+09:00,2025-08-05 10:32:00+09:00,3,-1,44253.13,44259.13,-0.0001355836299036927,-6.0,0.0,SL
2025-08-05 16:23:00+09:00,2025-08-05 16:27:00+09:00,4,-1,44256.38,44244.38,0.0002711473464390897,12.0,0.0002711473464390897,SL
2025-08-05 16:28:00+09:00,2025-08-05 16:30:00+09:00,5,-1,44257.88,44255.88,4.518969277335471e-05,2.0,6.778453916003208e-05,SL
2025-08-05 16:31:00+09:00,2025-08-05 16:35:00+09:00,6,-1,44254.38,44244.13,0.00023161549207106733,10.25,0.00025986128378705116,SL
2025-08-05 16:38:00+09:00,2025-08-05 16:39:00+09:00,7,-1,44227.38,44230.38,-6.783128460243406e-05,-3.0,0.0,SL
2025-08-05 16:40:00+09:00,2025-08-05 16:45:00+09:00,8,-1,44233.88,44248.88,-0.0003391065852690291,-15.0,0.0,STOP_LOSS
2025-08-05 16:49:00+09:00,2025-08-05 16:57:00+09:00,1,-1,44215.63,44207.38,0.0001865856033262446,8.25,0.0001865856033262446,SL
2025-08-05 17:01:00+09:00,2025-08-05 17:03:00+09:00,2,-1,44223.38,44245.88,-0.0005087806495116384,-22.5,0.0,STOP_LOSS
2025-08-05 17:28:00+09:00,2025-08-05 17:32:00+09:00,3,1,44239.88,44233.38,-0.00014692625748532773,-6.5,4.5208079226254685e-05,SL
2025-08-05 19:32:00+09:00,2025-08-05 19:36:00+09:00,4,-1,44176.13,44206.88,-0.0006960772706889445,-30.75,0.0002150482624892674,STOP_LOSS
2025-08-05 20:02:00+09:00,2025-08-05 20:03:00+09:00,5,-1,44196.88,44194.38,5.656507880194258e-05,2.5,5.656507880194258e-05,SL
2025-08-05 20:04:00+09:00,2025-08-05 20:06:00+09:00,6,-1,44190.88,44184.88,0.00013577462136983923,6.0,0.00013577462136983923,SL
2025-08-05 20:08:00+09:00,2025-08-05 20:09:00+09:00,7,-1,44203.88,44195.38,0.00019229081248071437,8.5,0.00019229081248071437,SL
2025-08-05 20:52:00+09:00,2025-08-05 20:55:00+09:00,8,1,44231.88,44242.13,0.00023173331090607047,10.25,0.00023173331090607047,SL
2025-08-05 21:18:00+09:00,2025-08-05 21:19:00+09:00,9,1,44258.88,44238.88,-0.0004518867174225828,-20.0,0.0,STOP_LOSS
2025-08-05 21:33:00+09:00,2025-08-05 22:17:00+09:00,10,-1,44216.38,44177.38,0.0008820260726907088,39.0,0.001159072723728175,SL
2025-08-05 22:18:00+09:00,2025-08-05 22:22:00+09:00,11,-1,44188.13,44177.38,0.00024327800248618805,10.75,0.00037906107364126977,SL
2025-08-05 22:31:00+09:00,2025-08-05 22:50:00+09:00,12,1,44231.13,44213.23,-0.0004046923512918205,-17.89999999999418,0.0018561587732442246,STOP_LOSS
2025-08-05 23:02:00+09:00,2025-08-06 00:04:00+09:00,13,-1,44136.23,44035.23,0.0022883694416129335,101.0,0.004576738883225867,SL
2025-08-06 09:01:00+09:00,2025-08-06 09:02:00+09:00,1,-1,44131.89,44138.39,-0.00014728578359095884,-6.5,0.0,SL
2025-08-06 09:03:00+09:00,2025-08-06 09:26:00+09:00,2,-1,44159.39,44148.39,0.00024909764378538746,11.0,0.00032269467490379734,SL
2025-08-06 09:34:00+09:00,2025-08-06 09:45:00+09:00,3,1,44158.14,44159.89,3.963029239909108e-05,1.75,0.000266089106108183,SL
2025-08-06 16:15:00+09:00,2025-08-06 16:18:00+09:00,4,1,44374.14,44360.64,-0.0003042312481999651,-13.5,1.6901736011109172e-05,STOP_LOSS
2025-08-06 18:04:00+09:00,2025-08-06 18:05:00+09:00,1,-1,44303.39,44298.14,0.00011850108987145228,5.25,0.00011850108987145228,SL
2025-08-06 19:15:00+09:00,2025-08-06 19:18:00+09:00,2,1,44300.89,44284.64,-0.0003668097864399564,-16.25,0.0,STOP_LOSS
2025-08-06 19:46:00+09:00,2025-08-06 19:55:00+09:00,3,-1,44252.64,44267.14,-0.0003276640670477513,-14.5,0.0004350022959082215,STOP_LOSS
2025-08-06 20:08:00+09:00,2025-08-06 20:26:00+09:00,4,1,44307.89,44284.64,-0.0005247372420577915,-23.25,0.0001861970858914744,STOP_LOSS
2025-08-06 21:13:00+09:00,2025-08-06 21:18:00+09:00,5,-1,44235.64,44249.89,-0.00032213843859837905,-14.25,0.0,STOP_LOSS
2025-08-06 21:45:00+09:00,2025-08-06 21:46:00+09:00,6,1,44274.64,44277.39,6.21123062773633e-05,2.75,6.21123062773633e-05,SL
2025-08-06 22:30:00+09:00,2025-08-06 23:07:00+09:00,7,-1,44169.64,44163.99,0.00012791591690585334,5.650000000001455,0.0023692744609193433,SL
2025-08-06 23:13:00+09:00,2025-08-06 23:17:00+09:00,8,1,44140.74,44099.49,-0.0009345108396460956,-41.25,0.0,STOP_LOSS
2025-08-06 23:25:00+09:00,2025-08-06 23:34:00+09:00,9,-1,44034.99,44076.24,-0.000936755066822997,-41.25,4.541842748232712e-05,STOP_LOSS
2025-08-06 23:47:00+09:00,2025-08-07 00:11:00+09:00,10,1,44205.99,44167.99,-0.0008596120118563118,-38.0,0.0009557528289718204,STOP_LOSS
2025-08-07 00:23:00+09:00,2025-08-07 00:38:00+09:00,11,1,44237.99,44203.99,-0.0007685701814209914,-34.0,0.000972015229444195,STOP_LOSS
2025-08-07 16:16:00+09:00,2025-08-07 16:18:00+09:00,1,1,44265.37,44253.37,-0.0002710922782301379,-12.0,0.0,STOP_LOSS
2025-08-07 17:03:00+09:00,2025-08-07 17:11:00+09:00,1,1,44339.37,44318.37,-0.00047361971990129764,-21.0,7.89366199835496e-05,STOP_LOSS
2025-08-07 18:33:00+09:00,2025-08-07 18:36:00+09:00,2,1,44426.12,44421.37,-0.0001069190827378128,-4.75,0.0,SL
2025-08-07 18:37:00+09:00,2025-08-07 18:38:00+09:00,3,1,44414.62,44407.62,-0.00015760576134615133,-7.0,0.0,SL
2025-08-07 18:45:00+09:00,2025-08-07 18:58:00+09:00,4,1,44415.37,44458.62,0.0009737620107633911,43.25,0.0009737620107633911,SL
2025-08-07 19:00:00+09:00,2025-08-07 19:46:00+09:00,5,1,44441.37,44464.37,0.0005175358005390022,23.0,0.0013725949492556146,SL
2025-08-07 19:52:00+09:00,2025-08-07 19:57:00+09:00,6,-1,44465.37,44465.87,-1.1244705711433414e-05,-0.5,0.0,SL
2025-08-07 20:00:00+09:00,2025-08-07 20:19:00+09:00,7,-1,44470.12,44487.37,-0.00038790090964449834,-17.25,0.0002867093679981075,STOP_LOSS
2025-08-07 20:26:00+09:00,2025-08-07 20:28:00+09:00,8,1,44480.12,44478.37,-3.934341903753857e-05,-1.75,0.0,SL
2025-08-07 20:36:00+09:00,2025-08-07 20:39:00+09:00,9,-1,44439.37,44436.37,6.750770769252579e-05,3.0,7.875899230794676e-05,SL
2025-08-07 20:40:00+09:00,2025-08-07 20:45:00+09:00,10,-1,44449.87,44442.37,0.0001687294023582071,7.5,0.0001687294023582071,SL
2025-08-07 20:51:00+09:00,2025-08-07 21:36:00+09:00,11,-1,44427.37,44420.87,0.00014630620718714612,6.5,0.0005908519905634747,SL
2025-08-07 21:55:00+09:00,2025-08-07 21:57:00+09:00,12,1,44440.62,44421.37,-0.00043316227361364445,-19.25,0.0,STOP_LOSS
2025-08-07 22:43:00+09:00,2025-08-08 00:57:00+09:00,13,-1,44418.72,43917.72,0.011279028301580955,501.0,0.012652323164647698,SL
2025-08-08 15:14:00+09:00,2025-08-08 15:18:00+09:00,1,-1,44013.3,44026.05,-0.0002896851633483515,-12.75,0.0,STOP_LOSS
2025-08-08 17:07:00+09:00,2025-08-08 17:08:00+09:00,1,-1,44032.05,44033.55,-3.4066095037591934e-05,-1.5,0.0,SL
2025-08-08 17:09:00+09:00,2025-08-08 17:10:00+09:00,2,-1,44035.8,44032.8,6.812638807515703e-05,3.0,6.812638807515703e-05,SL
2025-08-08 17:11:00+09:00,2025-08-08 17:14:00+09:00,3,-1,44040.55,44040.55,-0.0,-0.0,6.244245360241867e-05,SL
2025-08-08 21:29:00+09:00,2025-08-08 21:42:00+09:00,4,-1,44043.8,44055.8,-0.0002724560551087781,-12.0,0.0002724560551087781,STOP_LOSS
2025-08-08 22:23:00+09:00,2025-08-08 22:25:00+09:00,5,1,44058.55,44064.3,0.00013050815335502415,5.75,0.00013050815335502415,SL
2025-08-08 22:29:00+09:00,2025-08-08 22:40:00+09:00,6,1,44072.8,44053.65,-0.0004345083588971305,-19.150000000001455,0.0012195730700114355,STOP_LOSS
2025-08-08 22:53:00+09:00,2025-08-08 23:28:00+09:00,7,1,44127.15,44201.15,0.0016769721135400767,74.0,0.0034672531536706994,SL
2025-08-08 23:35:00+09:00,2025-08-08 23:38:00+09:00,8,1,44244.9,44214.15,-0.0006949953553968931,-30.75,0.0,STOP_LOSS
2025-08-08 23:45:00+09:00,2025-08-09 00:55:00+09:00,9,-1,44160.15,44126.15,0.0007699249209977773,34.0,0.003034409982755946,SL
2025-08-11 17:03:00+09:00,2025-08-11 17:12:00+09:00,1,-1,44251.98,44270.48,-0.0004180603896142048,-18.5,0.000361565742369042,STOP_LOSS
2025-08-11 17:19:00+09:00,2025-08-11 17:35:00+09:00,2,1,44276.73,44283.98,0.00016374289609914734,7.25,0.00017503550962322647,SL
2025-08-11 22:30:00+09:00,2025-08-11 22:31:00+09:00,3,-1,44209.48,44250.48,-0.000927402900916274,-41.0,0.0,STOP_LOSS
2025-08-11 22:41:00+09:00,2025-08-12 00:21:00+09:00,4,-1,44210.83,44054.83,0.0035285471908127488,156.0,0.0043202084195207375,SL
2025-08-12 00:32:00+09:00,2025-08-12 00:43:00+09:00,5,-1,44024.58,44040.83,-0.0003691119824425355,-16.25,0.00013060885532582026,STOP_LOSS
2025-08-12 00:53:00+09:00,2025-08-12 00:55:00+09:00,6,1,44082.83,44064.58,-0.0004139933847259806,-18.25,0.0,STOP_LOSS
2025-08-12 09:37:00+09:00,2025-08-12 09:43:00+09:00,1,1,44043.35,44032.35,-0.0002497539356111649,-11.0,5.6762258093446574e-05,STOP_LOSS
2025-08-12 14:08:00+09:00,2025-08-12 14:11:00+09:00,2,-1,44033.85,44049.35,-0.00035200192579118114,-15.5,2.270980166394717e-05,STOP_LOSS
2025-08-12 14:37:00+09:00,2025-08-12 14:55:00+09:00,3,-1,44012.85,44031.35,-0.00042033178946603093,-18.5,0.0006532183214674806,STOP_LOSS
2025-08-12 15:03:00+09:00,2025-08-12 15:06:00+09:00,4,1,44058.35,44061.35,6.809151954169868e-05,3.0,6.809151954169868e-05,SL
2025-08-12 15:30:00+09:00,2025-08-12 15:53:00+09:00,5,1,44063.6,44078.1,0.00032906979910856125,14.5,0.0003744587369166387,SL
2025-08-12 16:29:00+09:00,2025-08-12 16:32:00+09:00,6,1,44090.1,44068.85,-0.0004819676072406277,-21.25,0.0,STOP_LOSS
2025-08-12 21:12:00+09:00,2025-08-12 21:14:00+09:00,1,1,44014.6,44023.6,0.0002044776051582884,9.0,0.0002044776051582884,SL
2025-08-12 21:23:00+09:00,2025-08-12 21:29:00+09:00,2,1,44032.6,44012.45,-0.00045761549397495163,-20.150000000001455,0.00043717609225891725,STOP_LOSS
2025-08-12 22:14:00+09:00,2025-08-12 22:32:00+09:00,3,-1,44165.1,44223.6,-0.0013245752868214949,-58.5,0.0004868097207976434,STOP_LOSS
2025-08-12 22:39:00+09:00,2025-08-12 22:43:00+09:00,4,1,44265.45,44224.95,-0.0009149347854816793,-40.5,0.0,STOP_LOSS
2025-08-12 23:01:00+09:00,2025-08-12 23:36:00+09:00,5,1,44265.95,44374.7,0.0024567415812831307,108.75,0.00425270439242804,SL
2025-08-12 23:48:00+09:00,2025-08-12 23:57:00+09:00,6,1,44465.95,44433.2,-0.000736518617054173,-32.75,0.0005622279519497504,STOP_LOSS
2025-08-13 00:28:00+09:00,2025-08-13 00:34:00+09:00,7,-1,44419.95,44443.95,-0.0005402977716093783,-24.0,0.0001800992572031261,STOP_LOSS
2025-08-13 09:08:00+09:00,2025-08-13 09:14:00+09:00,1,1,44497.61,44484.36,-0.0002977688015154072,-13.25,0.0,STOP_LOSS
2025-08-13 22:31:00+09:00,2025-08-13 22:32:00+09:00,1,1,44687.61,44663.36,-0.0005426560068887103,-24.25,0.0,STOP_LOSS
2025-08-13 23:30:00+09:00,2025-08-14 00:06:00+09:00,2,-1,44768.71,44788.71,-0.0004467405918106642,-20.0,0.0014072328642035922,SL
2025-08-14 00:13:00+09:00,2025-08-14 00:54:00+09:00,3,1,44803.21,44778.71,-0.0005468358182371308,-24.5,0.0008983731299610006,STOP_LOSS
2025-08-14 00:57:00+09:00,2025-08-14 01:00:00+09:00,4,-1,44765.46,44784.71,-0.0004300190369986146,-19.25,0.0,STOP_LOSS
2025-08-14 21:30:00+09:00,2025-08-14 21:31:00+09:00,1,-1,44821.09,44839.59,-0.0004127521218247928,-18.5,0.0,STOP_LOSS
2025-08-14 22:07:00+09:00,2025-08-14 22:08:00+09:00,2,-1,44802.34,44794.09,0.00018414216757428297,8.25,0.00018414216757428297,SL
2025-08-14 22:09:00+09:00,2025-08-14 22:10:00+09:00,3,-1,44806.09,44793.09,0.0002901391306405,13.0,0.0002901391306405,SL
2025-08-14 22:18:00+09:00,2025-08-14 22:20:00+09:00,4,1,44801.84,44785.84,-0.0003571281893779363,-16.0,0.0,STOP_LOSS
2025-08-14 22:26:00+09:00,2025-08-14 22:28:00+09:00,5,-1,44761.09,44777.59,-0.000368623731012806,-16.5,0.0,STOP_LOSS
2025-08-14 22:48:00+09:00,2025-08-14 22:51:00+09:00,6,-1,44774.44,44813.44,-0.0008710326695319919,-39.0,0.00010608731231479388,STOP_LOSS
2025-08-14 22:58:00+09:00,2025-08-14 23:25:00+09:00,7,1,44822.44,44781.44,-0.0009147203945166751,-41.0,0.001003961408615863,STOP_LOSS
2025-08-14 23:38:00+09:00,2025-08-15 00:05:00+09:00,8,1,44851.44,44838.44,-0.00028984576637896127,-13.0,0.0010701997527838571,SL
2025-08-15 00:13:00+09:00,2025-08-15 00:53:00+09:00,9,-1,44817.44,44790.44,0.0006024440485668079,27.0,0.001461484636337997,SL
2025-08-15 16:13:00+09:00,2025-08-15 16:24:00+09:00,1,-1,45252.38,45261.38,-0.0001988845669553734,-9.0,6.629485565179113e-05,SL
2025-08-15 17:04:00+09:00,2025-08-15 17:08:00+09:00,1,1,45271.38,45270.13,-2.761126345165533e-05,-1.25,5.522252690331066e-06,SL
2025-08-15 17:09:00+09:00,2025-08-15 17:10:00+09:00,2,1,45275.13,45270.63,-9.939231538374379e-05,-4.5,0.0,SL
2025-08-15 17:11:00+09:00,2025-08-15 17:12:00+09:00,3,1,45261.88,45269.63,0.00017122576437390583,7.75,0.00017122576437390583,SL
2025-08-15 17:14:00+09:00,2025-08-15 17:25:00+09:00,4,1,45263.63,45264.63,2.2092792822846953e-05,1.0,0.0002430207210513165,SL
2025-08-15 21:30:00+09:00,2025-08-15 21:43:00+09:00,5,-1,45172.63,45187.63,-0.00033205947937943843,-15.0,0.0003209908300667905,STOP_LOSS
2025-08-15 21:50:00+09:00,2025-08-15 21:52:00+09:00,6,1,45186.63,45172.63,-0.00030982615875536635,-14.0,0.0,STOP_LOSS
2025-08-15 22:31:00+09:00,2025-08-15 22:42:00+09:00,7,-1,45137.63,45156.98,-0.00042868887888012334,-19.35000000000582,0.001742448595550856,STOP_LOSS
2025-08-16 00:07:00+09:00,2025-08-16 00:10:00+09:00,8,-1,44932.98,44952.98,-0.00044510735766913295,-20.0,6.676610365036995e-05,STOP_LOSS
2025-08-16 00:16:00+09:00,2025-08-16 00:23:00+09:00,9,1,44987.98,44966.98,-0.00046679135182330924,-21.0,0.00044456319221267544,STOP_LOSS
2025-08-16 00:47:00+09:00,2025-08-16 00:48:00+09:00,10,1,44994.48,44997.98,7.778731968899295e-05,3.5,7.778731968899295e-05,SL
2025-08-18 15:43:00+09:00,2025-08-18 15:47:00+09:00,1,-1,44884.91,44904.66,-0.000440014249777932,-19.75,0.0001113960126020081,STOP_LOSS
2025-08-18 16:56:00+09:00,2025-08-18 17:00:00+09:00,2,1,44884.91,44848.41,-0.0008131908919946592,-36.5,0.00020051282268361459,STOP_LOSS
2025-08-18 16:56:00+09:00,2025-08-18 17:00:00+09:00,1,1,44884.91,44848.41,-0.0008131908919946592,-36.5,0.00020051282268361459,STOP_LOSS
2025-08-18 17:11:00+09:00,2025-08-18 17:34:00+09:00,2,1,44909.91,44942.41,0.0007236710115874202,32.5,0.0007236710115874202,SL
2025-08-18 22:30:00+09:00,2025-08-18 22:34:00+09:00,3,-1,44944.91,44957.91,-0.00028924298658068286,-13.0,0.00017799568404965098,STOP_LOSS
2025-08-18 22:56:00+09:00,2025-08-18 23:11:00+09:00,4,-1,44910.26,44950.26,-0.0008906650729699628,-40.0,0.0004453325364849814,STOP_LOSS
2025-08-18 23:26:00+09:00,2025-08-18 23:28:00+09:00,5,1,44960.26,44911.26,-0.0010898513487244067,-49.0,0.0,STOP_LOSS
2025-08-18 23:39:00+09:00,2025-08-18 23:47:00+09:00,6,1,44983.26,44956.26,-0.0006002232830612988,-27.0,0.0003334573794784993,STOP_LOSS
2025-08-19 00:15:00+09:00,2025-08-19 00:18:00+09:00,7,-1,44930.26,44955.26,-0.0005564178796205497,-25.0,0.0,STOP_LOSS
2025-08-19 19:00:00+09:00,2025-08-19 19:02:00+09:00,1,-1,44877.63,44903.38,-0.0005737825281771788,-25.75,0.0,STOP_LOSS
2025-08-19 22:31:00+09:00,2025-08-19 22:36:00+09:00,2,-1,44994.13,45038.48,-0.0009856841325747564,-44.35000000000582,0.000622303398243282,STOP_LOSS
2025-08-19 22:42:00+09:00,2025-08-19 22:47:00+09:00,3,1,45089.98,45062.98,-0.0005988026608128901,-27.0,0.00014415619612162168,STOP_LOSS
2025-08-19 23:51:00+09:00,2025-08-19 23:54:00+09:00,4,-1,45088.48,45113.48,-0.0005544653534561378,-25.0,0.0,STOP_LOSS
2025-08-20 16:23:00+09:00,2025-08-20 16:24:00+09:00,1,1,44870.9,44874.9,8.914463494157683e-05,4.0,8.914463494157683e-05,SL
2025-08-20 21:52:00+09:00,2025-08-20 21:55:00+09:00,1,1,44946.4,44934.9,-0.00025586031361799833,-11.5,0.0,STOP_LOSS
2025-08-20 22:30:00+09:00,2025-08-20 22:41:00+09:00,2,1,44997.9,44983.5,-0.00032001493403028706,-14.400000000001455,0.0010744945875251633,STOP_LOSS
2025-08-20 22:57:00+09:00,2025-08-20 23:03:00+09:00,3,-1,44894.25,44930.25,-0.0008018844284067559,-36.0,0.0003341185118361483,STOP_LOSS
2025-08-21 00:08:00+09:00,2025-08-21 00:48:00+09:00,4,1,44888.75,44917.5,0.0006404722786889811,28.75,0.002077357912617304,SL
2025-08-21 16:20:00+09:00,2025-08-21 16:25:00+09:00,1,-1,44886.82,44876.57,0.00022835210870362393,10.25,0.00022835210870362393,SL
2025-08-21 19:22:00+09:00,2025-08-21 19:23:00+09:00,1,-1,44768.57,44765.57,6.701129832826914e-05,3.0,6.701129832826914e-05,SL
2025-08-21 19:26:00+09:00,2025-08-21 19:27:00+09:00,2,-1,44753.57,44769.32,-0.0003519272317269885,-15.75,0.0,STOP_LOSS
2025-08-21 19:32:00+09:00,2025-08-21 19:40:00+09:00,3,-1,44757.57,44772.57,-0.00033513883796640434,-15.0,4.468517839552058e-05,STOP_LOSS
2025-08-21 19:58:00+09:00,2025-08-21 20:28:00+09:00,4,1,44794.07,44802.82,0.00019533835617080564,8.75,0.0006474071233089558,SL
2025-08-21 20:51:00+09:00,2025-08-21 20:58:00+09:00,5,-1,44784.57,44786.57,-4.4658238317349035e-05,-2.0,0.00015630383411072163,SL
2025-08-21 21:01:00+09:00,2025-08-21 21:05:00+09:00,6,-1,44766.57,44774.57,-0.00017870477903489143,-8.0,0.0,SL
2025-08-21 21:11:00+09:00,2025-08-21 21:15:00+09:00,7,-1,44745.32,44753.57,-0.0001843768242131244,-8.25,0.0,SL
2025-08-21 21:16:00+09:00,2025-08-21 21:27:00+09:00,8,-1,44745.57,44757.57,-0.0002681829731971232,-12.0,0.0002011372298978424,STOP_LOSS
2025-08-21 21:43:00+09:00,2025-08-21 21:46:00+09:00,9,1,44767.82,44745.57,-0.0004970087889023856,-22.25,0.0,STOP_LOSS
2025-08-21 22:15:00+09:00,2025-08-21 22:17:00+09:00,10,1,44778.07,44766.57,-0.00025682214530461006,-11.5,0.0,STOP_LOSS
2025-08-21 22:34:00+09:00,2025-08-21 23:01:00+09:00,11,-1,44731.92,44783.92,-0.0011624808414215173,-52.0,0.002917379803952077,STOP_LOSS
2025-08-21 23:06:00+09:00,2025-08-21 23:38:00+09:00,12,1,44851.17,44809.92,-0.0009197084490772481,-41.25,0.0009085604678763118,STOP_LOSS
2025-08-21 23:45:00+09:00,2025-08-21 23:46:00+09:00,13,-1,44817.92,44848.92,-0.0006916876106700178,-31.0,0.0,STOP_LOSS
2025-08-22 00:10:00+09:00,2025-08-22 00:11:00+09:00,14,1,44825.42,44793.92,-0.0007027262655876956,-31.5,0.0,STOP_LOSS
2025-08-22 00:15:00+09:00,2025-08-22 00:17:00+09:00,15,-1,44754.42,44791.92,-0.0008379060660377233,-37.5,0.0,STOP_LOSS
2025-08-22 00:33:00+09:00,2025-08-22 00:50:00+09:00,16,1,44887.92,44854.92,-0.0007351643827559843,-33.0,0.0003341656285254474,STOP_LOSS
2025-08-22 09:14:00+09:00,2025-08-22 09:18:00+09:00,1,-1,44803.46,44817.46,-0.00031247586681921444,-14.0,0.00017855763818240824,STOP_LOSS
2025-08-22 15:43:00+09:00,2025-08-22 15:44:00+09:00,2,-1,44682.71,44696.71,-0.0003133202977169469,-14.0,0.0,STOP_LOSS
2025-08-22 16:06:00+09:00,2025-08-22 16:22:00+09:00,3,1,44783.21,44798.21,0.0003349469589160759,15.0,0.00039077145206875525,SL
2025-08-22 17:24:00+09:00,2025-08-22 17:26:00+09:00,1,1,44883.71,44888.46,0.00010582904131588053,4.75,0.0002005181835458789,SL
2025-08-22 22:29:00+09:00,2025-08-23 00:14:00+09:00,2,1,45019.96,45614.06,0.013196368899483663,594.0999999999985,0.01499557085346141,SL
2025-08-25 22:31:00+09:00,2025-08-25 22:32:00+09:00,1,1,45587.3,45569.05,-0.00040033079388338417,-18.25,0.0,STOP_LOSS
2025-08-25 23:00:00+09:00,2025-08-26 00:15:00+09:00,2,-1,45519.4,45451.4,0.0014938685483552067,68.0,0.0023176931154628576,SL
2025-08-26 00:18:00+09:00,2025-08-26 00:30:00+09:00,3,1,45462.4,45441.9,-0.00045092208066446114,-20.5,0.00019796579151122685,STOP_LOSS
2025-08-26 09:04:00+09:00,2025-08-26 09:05:00+09:00,1,-1,45302.49,45331.24,-0.0006346229533961599,-28.75,0.0,STOP_LOSS
2025-08-26 09:19:00+09:00,2025-08-26 09:20:00+09:00,2,1,45345.24,45315.99,-0.0006450511674433745,-29.25,0.0,STOP_LOSS
2025-08-26 09:26:00+09:00,2025-08-26 10:05:00+09:00,3,-1,45302.99,45250.99,0.0011478271081003704,52.0,0.0032558557393231663,SL
2025-08-26 10:12:00+09:00,2025-08-26 10:26:00+09:00,4,1,45269.99,45275.99,0.00013253813398235787,6.0,0.00022089688997059643,SL
2025-08-26 10:54:00+09:00,2025-08-26 10:56:00+09:00,5,-1,45217.99,45229.24,-0.00024879478278446257,-11.25,0.00013269055081838003,STOP_LOSS
2025-08-26 11:19:00+09:00,2025-08-26 11:21:00+09:00,6,1,45247.24,45256.49,0.00020443235874718547,9.25,0.00020443235874718547,SL
2025-08-26 15:20:00+09:00,2025-08-26 15:22:00+09:00,7,-1,45236.99,45248.24,-0.000248690286422682,-11.25,0.0,STOP_LOSS
2025-08-26 16:39:00+09:00,2025-08-26 16:45:00+09:00,8,1,45232.74,45197.74,-0.000773775809292119,-35.0,0.0,STOP_LOSS
2025-08-26 16:49:00+09:00,2025-08-26 16:56:00+09:00,1,1,45181.49,45180.49,-2.2132957545224827e-05,-1.0,0.0002600622511563917,SL
2025-08-26 17:04:00+09:00,2025-08-26 17:05:00+09:00,2,-1,45183.99,45204.99,-0.00046476639181267527,-21.0,0.0,STOP_LOSS
2025-08-26 17:27:00+09:00,2025-08-26 17:50:00+09:00,3,1,45208.24,45224.99,0.00037050767736147215,16.75,0.00037050767736147215,SL
2025-08-26 22:33:00+09:00,2025-08-26 22:35:00+09:00,4,1,45298.24,45268.09,-0.0006655887734269909,-30.150000000001455,0.0,STOP_LOSS
2025-08-26 23:35:00+09:00,2025-08-27 00:01:00+09:00,5,-1,45283.09,45292.09,-0.00019874968779736544,-9.0,0.0008391653484777652,SL
2025-08-27 00:17:00+09:00,2025-08-27 00:20:00+09:00,6,-1,45234.09,45253.09,-0.00042003718876626017,-19.0,0.0,STOP_LOSS
2025-08-27 22:30:00+09:00,2025-08-27 22:31:00+09:00,1,-1,45422.46,45463.46,-0.0009026371535139225,-41.0,0.0,STOP_LOSS
2025-08-27 22:35:00+09:00,2025-08-27 23:11:00+09:00,2,1,45466.81,45528.81,0.0013636320647962767,62.0,0.0020894362283168755,SL
2025-08-27 23:12:00+09:00,2025-08-27 23:13:00+09:00,3,1,45537.56,45541.81,9.332955037555812e-05,4.25,9.332955037555812e-05,SL
2025-08-27 23:14:00+09:00,2025-08-27 23:38:00+09:00,4,1,45534.81,45513.81,-0.00046118562919225973,-21.0,0.0005160886802865764,STOP_LOSS
2025-08-27 23:43:00+09:00,2025-08-28 00:00:00+09:00,5,-1,45519.81,45541.31,-0.000472321830868802,-21.5,0.0005272429739930813,STOP_LOSS
2025-08-28 00:05:00+09:00,2025-08-28 00:25:00+09:00,6,1,45552.81,45563.81,0.00024147796809900423,11.0,0.00048295593619800847,SL
2025-08-28 16:15:00+09:00,2025-08-28 16:17:00+09:00,1,1,45726.92,45727.17,5.467238991823635e-06,0.25,2.7336194959118176e-05,SL
2025-08-28 17:18:00+09:00,2025-08-28 17:25:00+09:00,1,-1,45707.17,45702.17,0.00010939202755278877,5.0,0.00017502724408446202,SL
2025-08-28 21:44:00+09:00,2025-08-28 21:50:00+09:00,2,1,45668.67,45656.17,-0.0002737106204319066,-12.5,0.0,STOP_LOSS
2025-08-28 22:30:00+09:00,2025-08-29 00:04:00+09:00,3,-1,45580.67,45494.02,0.001901025149476773,86.65000000000146,0.00269631841743444,SL
2025-08-29 00:15:00+09:00,2025-08-29 00:21:00+09:00,4,1,45510.77,45494.02,-0.000368044750726037,-16.75,0.0005328409077675461,STOP_LOSS
2025-08-29 00:38:00+09:00,2025-08-29 00:40:00+09:00,5,1,45536.27,45518.52,-0.0003897991644901965,-17.75,0.0,STOP_LOSS
2025-08-29 21:31:00+09:00,2025-08-29 21:42:00+09:00,1,1,45525.09,45506.84,-0.0004008778456011839,-18.25,0.00026359091217612095,STOP_LOSS
2025-08-29 22:28:00+09:00,2025-08-29 22:50:00+09:00,2,1,45547.59,45529.69,-0.00039299554597716765,-17.89999999999418,0.001517094537823095,STOP_LOSS
2025-08-29 22:57:00+09:00,2025-08-29 23:00:00+09:00,3,-1,45504.69,45532.69,-0.0006153211899696492,-28.0,5.493939196157582e-06,STOP_LOSS
2025-08-29 23:40:00+09:00,2025-08-29 23:43:00+09:00,4,1,45502.69,45470.69,-0.000703255126235394,-32.0,0.0,STOP_LOSS
2025-08-30 00:01:00+09:00,2025-08-30 00:07:00+09:00,5,-1,45440.44,45478.69,-0.0008417612153403444,-38.25,0.00010453243850631727,STOP_LOSS
2025-08-30 00:12:00+09:00,2025-08-30 00:14:00+09:00,6,1,45498.69,45467.69,-0.0006813382978718728,-31.0,0.0,STOP_LOSS
2025-08-30 00:50:00+09:00,2025-08-30 00:55:00+09:00,7,-1,45414.69,45443.69,-0.0006385599020933535,-29.0,0.0,STOP_LOSS
2025-09-01 12:27:00+09:00,2025-09-01 12:28:00+09:00,1,-1,45540.94,45540.94,-0.0,-0.0,0.0,SL
2025-09-01 12:29:00+09:00,2025-09-01 12:30:00+09:00,2,-1,45550.69,45561.69,-0.00024148920685943505,-11.0,0.0,STOP_LOSS
2025-09-01 15:42:00+09:00,2025-09-01 15:43:00+09:00,3,1,45556.19,45556.44,5.487728451391567e-06,0.25,5.487728451391567e-06,SL
2025-09-01 15:44:00+09:00,2025-09-01 15:54:00+09:00,4,1,45568.94,45553.94,-0.0003291715804668706,-15.0,0.00034563015949021415,STOP_LOSS
2025-09-01 16:17:00+09:00,2025-09-01 16:28:00+09:00,5,-1,45547.19,45565.94,-0.00041166096086278864,-18.75,0.00010428744341857313,STOP_LOSS
2025-09-01 22:47:00+09:00,2025-09-01 22:56:00+09:00,1,1,45531.04,45560.29,0.0006424188861049516,29.25,0.0006698726846564453,SL
2025-09-01 23:09:00+09:00,2025-09-01 23:10:00+09:00,2,1,45556.04,45550.79,-0.00011524267693153312,-5.25,0.0,SL
2025-09-02 16:49:00+09:00,2025-09-02 17:15:00+09:00,1,-1,45305.07,45339.82,-0.0007670223222257465,-34.75,0.001313318796328976,STOP_LOSS
2025-09-02 17:23:00+09:00,2025-09-02 17:30:00+09:00,2,1,45366.82,45345.57,-0.0004684040009857424,-21.25,0.0,STOP_LOSS
2025-09-02 19:30:00+09:00,2025-09-02 20:20:00+09:00,3,-1,45303.57,45294.07,0.00020969649853201414,9.5,0.0007670477183144728,SL
2025-09-02 20:25:00+09:00,2025-09-02 20:29:00+09:00,4,1,45299.07,45290.07,-0.00019867957554095482,-9.0,2.759438549179928e-05,SL
2025-09-02 21:01:00+09:00,2025-09-02 22:17:00+09:00,5,-1,45246.07,45150.07,0.002121731235442106,96.0,0.003348357105932073,SL
2025-09-02 22:26:00+09:00,2025-09-02 22:27:00+09:00,6,1,45147.07,45128.57,-0.00040977188552878405,-18.5,0.0,STOP_LOSS
2025-09-02 22:33:00+09:00,2025-09-02 22:37:00+09:00,7,-1,45013.32,45048.92,-0.0007908770115156701,-35.599999999998545,0.00022771037550662783,STOP_LOSS
2025-09-02 22:59:00+09:00,2025-09-02 23:25:00+09:00,8,1,45215.92,45166.42,-0.0010947471598498936,-49.5,0.001487308010099098,STOP_LOSS
2025-09-02 23:35:00+09:00,2025-09-02 23:41:00+09:00,9,1,45260.42,45224.42,-0.0007953969494759439,-36.0,0.0002209435970766511,STOP_LOSS
2025-09-03 16:18:00+09:00,2025-09-03 16:24:00+09:00,1,-1,45151.05,45168.8,-0.0003931248553466641,-17.75,0.000459568492870044,STOP_LOSS
2025-09-03 16:39:00+09:00,2025-09-03 16:52:00+09:00,2,1,45197.8,45229.8,0.000707999061901243,32.0,0.0007522490032700706,SL
2025-09-03 16:49:00+09:00,2025-09-03 16:52:00+09:00,1,1,45219.8,45229.8,0.000221142066086095,10.0,0.000265370479303314,SL
2025-09-03 17:35:00+09:00,2025-09-03 17:41:00+09:00,2,1,45273.05,45273.3,5.522048989409814e-06,0.25,0.00022640400856580237,SL
2025-09-03 21:42:00+09:00,2025-09-03 21:43:00+09:00,3,-1,45195.8,45209.05,-0.0002931688342722111,-13.25,0.0,STOP_LOSS
2025-09-03 22:20:00+09:00,2025-09-03 22:22:00+09:00,4,1,45237.05,45225.8,-0.0002486899565732071,-11.25,0.0,STOP_LOSS
2025-09-03 22:54:00+09:00,2025-09-03 23:20:00+09:00,5,-1,45150.65,45195.15,-0.0009855893547490457,-44.5,0.0015171431640519017,STOP_LOSS
2025-09-03 23:31:00+09:00,2025-09-04 00:16:00+09:00,6,1,45179.15,45192.15,0.00028774335063851353,13.0,0.0019256670388885138,SL
2025-09-04 09:22:00+09:00,2025-09-04 09:23:00+09:00,1,1,45258.58,45246.33,-0.00027066691000910765,-12.25,0.0,STOP_LOSS
2025-09-04 09:33:00+09:00,2025-09-04 09:34:00+09:00,2,1,45240.83,45244.58,8.288972594004133e-05,3.75,8.288972594004133e-05,SL
2025-09-04 16:02:00+09:00,2025-09-04 16:10:00+09:00,3,-1,45219.83,45232.08,-0.0002708988512340714,-12.25,0.00019902772743727695,STOP_LOSS
2025-09-04 21:32:00+09:00,2025-09-04 21:43:00+09:00,1,-1,45221.83,45234.58,-0.00028194347729846404,-12.75,3.3169820858642825e-05,STOP_LOSS
2025-09-04 21:53:00+09:00,2025-09-04 21:55:00+09:00,2,1,45245.83,45248.33,5.52537106734477e-05,2.5,5.52537106734477e-05,SL
2025-09-04 22:33:00+09:00,2025-09-04 22:34:00+09:00,3,-1,45179.83,45211.18,-0.0006938937131901236,-31.349999999998545,0.0,STOP_LOSS
2025-09-04 22:42:00+09:00,2025-09-04 22:47:00+09:00,4,1,45321.93,45293.43,-0.0006288346502454771,-28.5,8.274140134808911e-05,STOP_LOSS
2025-09-04 23:17:00+09:00,2025-09-04 23:23:00+09:00,5,-1,45290.68,45339.93,-0.0010874201932936313,-49.25,0.0,STOP_LOSS
2025-09-04 23:31:00+09:00,2025-09-04 23:33:00+09:00,6,1,45378.68,45351.68,-0.0005949930672289278,-27.0,0.0,STOP_LOSS
2025-09-05 21:28:00+09:00,2025-09-05 21:31:00+09:00,1,-1,45500.56,45553.06,-0.0011538319528375037,-52.5,0.00012087763315440514,STOP_LOSS
2025-09-05 21:38:00+09:00,2025-09-05 21:40:00+09:00,2,1,45627.56,45586.56,-0.0008985797180476011,-41.0,0.0,STOP_LOSS
2025-09-05 23:02:00+09:00,2025-09-06 00:17:00+09:00,3,-1,45656.41,45307.41,0.007644052609480245,349.0,0.009653628044780567,SL
2025-09-06 00:22:00+09:00,2025-09-06 00:53:00+09:00,4,1,45353.91,45357.41,7.71708547289528e-05,3.5,0.0014056119968487832,SL
2025-09-08 22:30:00+09:00,2025-09-08 22:33:00+09:00,1,-1,45377.28,45394.28,-0.00037463682265662465,-17.0,0.0007933485656257934,STOP_LOSS
2025-09-08 23:19:00+09:00,2025-09-09 00:37:00+09:00,2,1,45367.63,45456.63,0.0019617511428302514,89.0,0.0033063221508375026,SL
2025-09-09 00:39:00+09:00,2025-09-09 00:43:00+09:00,3,-1,45456.63,45479.88,-0.0005114765436857066,-23.25,0.0,STOP_LOSS
2025-09-09 20:18:00+09:00,2025-09-09 20:36:00+09:00,1,1,45582.99,45593.99,0.00024131808817280307,11.0,0.0002851941042042218,SL
2025-09-09 22:07:00+09:00,2025-09-09 22:08:00+09:00,2,-1,45554.24,45571.99,-0.00038964539854028957,-17.75,0.0,STOP_LOSS
2025-09-09 23:12:00+09:00,2025-09-09 23:17:00+09:00,3,1,45586.34,45538.34,-0.001052947001228877,-48.0,0.0,STOP_LOSS
2025-09-09 23:31:00+09:00,2025-09-09 23:39:00+09:00,4,-1,45496.59,45528.34,-0.000697854498545935,-31.75,0.0011264580488339897,STOP_LOSS
2025-09-09 23:53:00+09:00,2025-09-10 00:47:00+09:00,5,1,45573.59,45615.34,0.0009161007504565693,41.75,0.0028470436496225117,SL
2025-09-10 18:09:00+09:00,2025-09-10 18:26:00+09:00,1,-1,45617.73,45629.73,-0.0002630556145603913,-12.0,0.00020825236152697646,STOP_LOSS
2025-09-10 21:32:00+09:00,2025-09-10 21:43:00+09:00,2,1,45737.48,45718.23,-0.0004208802059055287,-19.25,0.0006176553671081135,STOP_LOSS
2025-09-10 22:06:00+09:00,2025-09-10 22:07:00+09:00,3,1,45720.23,45720.73,1.0936077968111708e-05,0.5,1.0936077968111708e-05,SL
2025-09-10 22:09:00+09:00,2025-09-10 22:10:00+09:00,4,1,45729.73,45729.23,-1.09338060819515e-05,-0.5,0.0,SL
2025-09-10 22:11:00+09:00,2025-09-10 22:25:00+09:00,5,1,45729.73,45737.73,0.000174940897311224,8.0,0.000590425528425381,SL
2025-09-10 22:26:00+09:00,2025-09-10 22:28:00+09:00,6,1,45732.73,45713.48,-0.00042092392035201045,-19.25,0.0,STOP_LOSS
2025-09-10 22:32:00+09:00,2025-09-10 22:35:00+09:00,7,-1,45657.23,45679.08,-0.00047856604529005685,-21.849999999998545,0.0004270955552932142,STOP_LOSS
2025-09-10 23:14:00+09:00,2025-09-10 23:18:00+09:00,8,1,45688.08,45658.08,-0.0006566264110901574,-30.0,0.0001094377351816929,STOP_LOSS
